"State","Measure ID","Measure Name","Number of Hospitals Worse","Number of Hospitals Same","Number of Hospitals Better","Number of Hospitals Too Few","Footnote","Start Date","End Date"
AK,COMP_HIP_KNEE,Rate of complications for hip/knee replacement patients,0,8,0,2,,04/01/2019,03/31/2022
AK,MORT_30_AMI,Death rate for heart attack patients,0,5,0,13,,07/01/2019,06/30/2022
AK,MORT_30_CABG,Death rate for CABG surgery patients,0,2,0,0,,07/01/2019,06/30/2022
AK,MORT_30_COPD,Death rate for COPD patients,1,9,0,9,,07/01/2019,06/30/2022
AK,MORT_30_HF,Death rate for heart failure patients,0,7,0,13,,07/01/2019,06/30/2022
AK,MORT_30_PN,Death rate for pneumonia patients,1,10,0,10,,07/01/2019,06/30/2022
AK,MORT_30_STK,Death rate for stroke patients,1,6,0,10,,07/01/2019,06/30/2022
AK,PSI_03,Pressure ulcer rate,1,7,0,0,,07/01/2020,06/30/2022
AK,PSI_04,Death rate among surgical inpatients with serious treatable complications,0,4,0,3,,07/01/2020,06/30/2022
AK,PSI_06,Iatrogenic pneumothorax rate,0,8,0,0,,07/01/2020,06/30/2022
AK,PSI_08,In-hospital fall with hip fracture rate,0,8,0,0,,07/01/2020,06/30/2022
AK,PSI_09,Postoperative hemorrhage or hematoma rate,0,7,0,0,,07/01/2020,06/30/2022
AK,PSI_10,Postoperative acute kidney injury requiring dialysis rate,0,6,0,0,,07/01/2020,06/30/2022
AK,PSI_11,Postoperative respiratory failure rate,0,6,0,0,,07/01/2020,06/30/2022
AK,PSI_12,Perioperative pulmonary embolism or deep vein thrombosis rate,0,7,0,0,,07/01/2020,06/30/2022
AK,PSI_13,Postoperative sepsis rate,0,6,0,0,,07/01/2020,06/30/2022
AK,PSI_14,Postoperative wound dehiscence rate,0,7,0,0,,07/01/2020,06/30/2022
AK,PSI_15,Abdominopelvic accidental puncture or laceration rate,1,6,0,1,,07/01/2020,06/30/2022
AK,PSI_90,CMS Medicare PSI 90: Patient safety and adverse events composite,1,6,0,Not Available,,07/01/2020,06/30/2022
AL,COMP_HIP_KNEE,Rate of complications for hip/knee replacement patients,1,34,0,12,,04/01/2019,03/31/2022
AL,MORT_30_AMI,Death rate for heart attack patients,1,28,0,46,,07/01/2019,06/30/2022
AL,MORT_30_CABG,Death rate for CABG surgery patients,1,19,0,2,,07/01/2019,06/30/2022
AL,MORT_30_COPD,Death rate for COPD patients,1,49,0,37,,07/01/2019,06/30/2022
AL,MORT_30_HF,Death rate for heart failure patients,4,54,3,25,,07/01/2019,06/30/2022
AL,MORT_30_PN,Death rate for pneumonia patients,7,60,1,20,,07/01/2019,06/30/2022
AL,MORT_30_STK,Death rate for stroke patients,1,36,0,42,,07/01/2019,06/30/2022
AL,PSI_03,Pressure ulcer rate,5,79,0,0,,07/01/2020,06/30/2022
AL,PSI_04,Death rate among surgical inpatients with serious treatable complications,3,26,0,23,,07/01/2020,06/30/2022
AL,PSI_06,Iatrogenic pneumothorax rate,0,84,0,0,,07/01/2020,06/30/2022
AL,PSI_08,In-hospital fall with hip fracture rate,0,84,0,0,,07/01/2020,06/30/2022
AL,PSI_09,Postoperative hemorrhage or hematoma rate,2,55,0,12,,07/01/2020,06/30/2022
AL,PSI_10,Postoperative acute kidney injury requiring dialysis rate,1,37,0,19,,07/01/2020,06/30/2022
AL,PSI_11,Postoperative respiratory failure rate,4,35,0,17,,07/01/2020,06/30/2022
AL,PSI_12,Perioperative pulmonary embolism or deep vein thrombosis rate,3,54,0,12,,07/01/2020,06/30/2022
AL,PSI_13,Postoperative sepsis rate,2,35,0,15,,07/01/2020,06/30/2022
AL,PSI_14,Postoperative wound dehiscence rate,0,45,0,20,,07/01/2020,06/30/2022
AL,PSI_15,Abdominopelvic accidental puncture or laceration rate,0,59,0,12,,07/01/2020,06/30/2022
AL,PSI_90,CMS Medicare PSI 90: Patient safety and adverse events composite,4,63,0,Not Available,,07/01/2020,06/30/2022
AR,COMP_HIP_KNEE,Rate of complications for hip/knee replacement patients,0,26,0,15,,04/01/2019,03/31/2022
AR,MORT_30_AMI,Death rate for heart attack patients,0,26,0,35,,07/01/2019,06/30/2022
AR,MORT_30_CABG,Death rate for CABG surgery patients,0,13,0,3,,07/01/2019,06/30/2022
AR,MORT_30_COPD,Death rate for COPD patients,0,39,0,35,,07/01/2019,06/30/2022
AR,MORT_30_HF,Death rate for heart failure patients,6,40,1,27,,07/01/2019,06/30/2022
AR,MORT_30_PN,Death rate for pneumonia patients,3,60,0,12,,07/01/2019,06/30/2022
AR,MORT_30_STK,Death rate for stroke patients,4,24,0,40,,07/01/2019,06/30/2022
AR,PSI_03,Pressure ulcer rate,4,43,0,0,,07/01/2020,06/30/2022
AR,PSI_04,Death rate among surgical inpatients with serious treatable complications,1,24,0,7,,07/01/2020,06/30/2022
AR,PSI_06,Iatrogenic pneumothorax rate,0,47,0,0,,07/01/2020,06/30/2022
AR,PSI_08,In-hospital fall with hip fracture rate,0,47,0,0,,07/01/2020,06/30/2022
AR,PSI_09,Postoperative hemorrhage or hematoma rate,3,35,0,5,,07/01/2020,06/30/2022
AR,PSI_10,Postoperative acute kidney injury requiring dialysis rate,0,33,0,5,,07/01/2020,06/30/2022
AR,PSI_11,Postoperative respiratory failure rate,2,30,1,5,,07/01/2020,06/30/2022
AR,PSI_12,Perioperative pulmonary embolism or deep vein thrombosis rate,1,38,0,4,,07/01/2020,06/30/2022
AR,PSI_13,Postoperative sepsis rate,0,31,0,6,,07/01/2020,06/30/2022
AR,PSI_14,Postoperative wound dehiscence rate,0,31,0,9,,07/01/2020,06/30/2022
AR,PSI_15,Abdominopelvic accidental puncture or laceration rate,0,39,0,4,,07/01/2020,06/30/2022
AR,PSI_90,CMS Medicare PSI 90: Patient safety and adverse events composite,3,37,1,Not Available,,07/01/2020,06/30/2022
AS,COMP_HIP_KNEE,Rate of complications for hip/knee replacement patients,Not Available,Not Available,Not Available,Not Available,5,04/01/2019,03/31/2022
AS,MORT_30_AMI,Death rate for heart attack patients,Not Available,Not Available,Not Available,Not Available,5,07/01/2019,06/30/2022
AS,MORT_30_CABG,Death rate for CABG surgery patients,Not Available,Not Available,Not Available,Not Available,5,07/01/2019,06/30/2022
AS,MORT_30_COPD,Death rate for COPD patients,Not Available,Not Available,Not Available,Not Available,5,07/01/2019,06/30/2022
AS,MORT_30_HF,Death rate for heart failure patients,Not Available,Not Available,Not Available,Not Available,5,07/01/2019,06/30/2022
AS,MORT_30_PN,Death rate for pneumonia patients,Not Available,Not Available,Not Available,Not Available,5,07/01/2019,06/30/2022
AS,MORT_30_STK,Death rate for stroke patients,Not Available,Not Available,Not Available,Not Available,5,07/01/2019,06/30/2022
AS,PSI_03,Pressure ulcer rate,Not Available,Not Available,Not Available,Not Available,5,07/01/2020,06/30/2022
AS,PSI_04,Death rate among surgical inpatients with serious treatable complications,Not Available,Not Available,Not Available,Not Available,5,07/01/2020,06/30/2022
AS,PSI_06,Iatrogenic pneumothorax rate,Not Available,Not Available,Not Available,Not Available,5,07/01/2020,06/30/2022
AS,PSI_08,In-hospital fall with hip fracture rate,Not Available,Not Available,Not Available,Not Available,5,07/01/2020,06/30/2022
AS,PSI_09,Postoperative hemorrhage or hematoma rate,Not Available,Not Available,Not Available,Not Available,5,07/01/2020,06/30/2022
AS,PSI_10,Postoperative acute kidney injury requiring dialysis rate,Not Available,Not Available,Not Available,Not Available,5,07/01/2020,06/30/2022
AS,PSI_11,Postoperative respiratory failure rate,Not Available,Not Available,Not Available,Not Available,5,07/01/2020,06/30/2022
AS,PSI_12,Perioperative pulmonary embolism or deep vein thrombosis rate,Not Available,Not Available,Not Available,Not Available,5,07/01/2020,06/30/2022
AS,PSI_13,Postoperative sepsis rate,Not Available,Not Available,Not Available,Not Available,5,07/01/2020,06/30/2022
AS,PSI_14,Postoperative wound dehiscence rate,Not Available,Not Available,Not Available,Not Available,5,07/01/2020,06/30/2022
AS,PSI_15,Abdominopelvic accidental puncture or laceration rate,Not Available,Not Available,Not Available,Not Available,5,07/01/2020,06/30/2022
AS,PSI_90,CMS Medicare PSI 90: Patient safety and adverse events composite,Not Available,Not Available,Not Available,Not Available,5,07/01/2020,06/30/2022
AZ,COMP_HIP_KNEE,Rate of complications for hip/knee replacement patients,0,34,1,26,,04/01/2019,03/31/2022
AZ,MORT_30_AMI,Death rate for heart attack patients,0,39,0,23,,07/01/2019,06/30/2022
AZ,MORT_30_CABG,Death rate for CABG surgery patients,0,20,0,4,,07/01/2019,06/30/2022
AZ,MORT_30_COPD,Death rate for COPD patients,0,44,0,33,,07/01/2019,06/30/2022
AZ,MORT_30_HF,Death rate for heart failure patients,0,48,4,23,,07/01/2019,06/30/2022
AZ,MORT_30_PN,Death rate for pneumonia patients,2,53,4,20,,07/01/2019,06/30/2022
AZ,MORT_30_STK,Death rate for stroke patients,0,39,1,20,,07/01/2019,06/30/2022
AZ,PSI_03,Pressure ulcer rate,2,63,0,2,,07/01/2020,06/30/2022
AZ,PSI_04,Death rate among surgical inpatients with serious treatable complications,0,36,2,16,,07/01/2020,06/30/2022
AZ,PSI_06,Iatrogenic pneumothorax rate,0,67,0,0,,07/01/2020,06/30/2022
AZ,PSI_08,In-hospital fall with hip fracture rate,0,67,0,0,,07/01/2020,06/30/2022
AZ,PSI_09,Postoperative hemorrhage or hematoma rate,1,60,0,3,,07/01/2020,06/30/2022
AZ,PSI_10,Postoperative acute kidney injury requiring dialysis rate,2,49,0,6,,07/01/2020,06/30/2022
AZ,PSI_11,Postoperative respiratory failure rate,2,48,1,6,,07/01/2020,06/30/2022
AZ,PSI_12,Perioperative pulmonary embolism or deep vein thrombosis rate,0,61,0,3,,07/01/2020,06/30/2022
AZ,PSI_13,Postoperative sepsis rate,1,50,0,6,,07/01/2020,06/30/2022
AZ,PSI_14,Postoperative wound dehiscence rate,0,53,0,10,,07/01/2020,06/30/2022
AZ,PSI_15,Abdominopelvic accidental puncture or laceration rate,1,61,0,3,,07/01/2020,06/30/2022
AZ,PSI_90,CMS Medicare PSI 90: Patient safety and adverse events composite,3,59,1,Not Available,,07/01/2020,06/30/2022
CA,COMP_HIP_KNEE,Rate of complications for hip/knee replacement patients,0,163,2,96,,04/01/2019,03/31/2022
CA,MORT_30_AMI,Death rate for heart attack patients,2,159,3,137,,07/01/2019,06/30/2022
CA,MORT_30_CABG,Death rate for CABG surgery patients,0,83,0,36,,07/01/2019,06/30/2022
CA,MORT_30_COPD,Death rate for COPD patients,1,191,2,124,,07/01/2019,06/30/2022
CA,MORT_30_HF,Death rate for heart failure patients,6,221,27,66,,07/01/2019,06/30/2022
CA,MORT_30_PN,Death rate for pneumonia patients,7,229,32,56,,07/01/2019,06/30/2022
CA,MORT_30_STK,Death rate for stroke patients,2,186,11,103,,07/01/2019,06/30/2022
CA,PSI_03,Pressure ulcer rate,9,271,8,2,,07/01/2020,06/30/2022
CA,PSI_04,Death rate among surgical inpatients with serious treatable complications,3,145,9,106,,07/01/2020,06/30/2022
CA,PSI_06,Iatrogenic pneumothorax rate,2,287,0,1,,07/01/2020,06/30/2022
CA,PSI_08,In-hospital fall with hip fracture rate,0,289,0,1,,07/01/2020,06/30/2022
CA,PSI_09,Postoperative hemorrhage or hematoma rate,0,280,1,4,,07/01/2020,06/30/2022
CA,PSI_10,Postoperative acute kidney injury requiring dialysis rate,3,235,0,34,,07/01/2020,06/30/2022
CA,PSI_11,Postoperative respiratory failure rate,8,231,4,31,,07/01/2020,06/30/2022
CA,PSI_12,Perioperative pulmonary embolism or deep vein thrombosis rate,6,274,1,4,,07/01/2020,06/30/2022
CA,PSI_13,Postoperative sepsis rate,5,231,0,34,,07/01/2020,06/30/2022
CA,PSI_14,Postoperative wound dehiscence rate,1,250,0,31,,07/01/2020,06/30/2022
CA,PSI_15,Abdominopelvic accidental puncture or laceration rate,2,281,0,3,,07/01/2020,06/30/2022
CA,PSI_90,CMS Medicare PSI 90: Patient safety and adverse events composite,9,270,5,Not Available,,07/01/2020,06/30/2022
CO,COMP_HIP_KNEE,Rate of complications for hip/knee replacement patients,0,39,0,29,,04/01/2019,03/31/2022
CO,MORT_30_AMI,Death rate for heart attack patients,0,31,0,35,,07/01/2019,06/30/2022
CO,MORT_30_CABG,Death rate for CABG surgery patients,0,13,0,4,,07/01/2019,06/30/2022
CO,MORT_30_COPD,Death rate for COPD patients,0,32,0,49,,07/01/2019,06/30/2022
CO,MORT_30_HF,Death rate for heart failure patients,1,43,1,36,,07/01/2019,06/30/2022
CO,MORT_30_PN,Death rate for pneumonia patients,0,43,6,34,,07/01/2019,06/30/2022
CO,MORT_30_STK,Death rate for stroke patients,1,29,1,39,,07/01/2019,06/30/2022
CO,PSI_03,Pressure ulcer rate,0,52,0,0,,07/01/2020,06/30/2022
CO,PSI_04,Death rate among surgical inpatients with serious treatable complications,0,24,1,21,,07/01/2020,06/30/2022
CO,PSI_06,Iatrogenic pneumothorax rate,0,52,0,0,,07/01/2020,06/30/2022
CO,PSI_08,In-hospital fall with hip fracture rate,0,52,0,0,,07/01/2020,06/30/2022
CO,PSI_09,Postoperative hemorrhage or hematoma rate,0,51,0,0,,07/01/2020,06/30/2022
CO,PSI_10,Postoperative acute kidney injury requiring dialysis rate,0,50,0,1,,07/01/2020,06/30/2022
CO,PSI_11,Postoperative respiratory failure rate,4,46,0,1,,07/01/2020,06/30/2022
CO,PSI_12,Perioperative pulmonary embolism or deep vein thrombosis rate,2,48,1,0,,07/01/2020,06/30/2022
CO,PSI_13,Postoperative sepsis rate,0,50,0,1,,07/01/2020,06/30/2022
CO,PSI_14,Postoperative wound dehiscence rate,0,44,0,5,,07/01/2020,06/30/2022
CO,PSI_15,Abdominopelvic accidental puncture or laceration rate,1,47,0,3,,07/01/2020,06/30/2022
CO,PSI_90,CMS Medicare PSI 90: Patient safety and adverse events composite,1,49,1,Not Available,,07/01/2020,06/30/2022
CT,COMP_HIP_KNEE,Rate of complications for hip/knee replacement patients,0,18,1,8,,04/01/2019,03/31/2022
CT,MORT_30_AMI,Death rate for heart attack patients,0,20,0,7,,07/01/2019,06/30/2022
CT,MORT_30_CABG,Death rate for CABG surgery patients,0,8,0,2,,07/01/2019,06/30/2022
CT,MORT_30_COPD,Death rate for COPD patients,0,26,0,2,,07/01/2019,06/30/2022
CT,MORT_30_HF,Death rate for heart failure patients,0,22,4,2,,07/01/2019,06/30/2022
CT,MORT_30_PN,Death rate for pneumonia patients,0,23,4,1,,07/01/2019,06/30/2022
CT,MORT_30_STK,Death rate for stroke patients,0,24,0,2,,07/01/2019,06/30/2022
CT,PSI_03,Pressure ulcer rate,2,23,1,2,,07/01/2020,06/30/2022
CT,PSI_04,Death rate among surgical inpatients with serious treatable complications,0,20,0,5,,07/01/2020,06/30/2022
CT,PSI_06,Iatrogenic pneumothorax rate,0,26,0,2,,07/01/2020,06/30/2022
CT,PSI_08,In-hospital fall with hip fracture rate,0,26,0,2,,07/01/2020,06/30/2022
CT,PSI_09,Postoperative hemorrhage or hematoma rate,0,26,0,0,,07/01/2020,06/30/2022
CT,PSI_10,Postoperative acute kidney injury requiring dialysis rate,0,25,0,1,,07/01/2020,06/30/2022
CT,PSI_11,Postoperative respiratory failure rate,2,22,1,1,,07/01/2020,06/30/2022
CT,PSI_12,Perioperative pulmonary embolism or deep vein thrombosis rate,2,24,0,0,,07/01/2020,06/30/2022
CT,PSI_13,Postoperative sepsis rate,1,24,0,1,,07/01/2020,06/30/2022
CT,PSI_14,Postoperative wound dehiscence rate,0,25,0,1,,07/01/2020,06/30/2022
CT,PSI_15,Abdominopelvic accidental puncture or laceration rate,0,26,0,0,,07/01/2020,06/30/2022
CT,PSI_90,CMS Medicare PSI 90: Patient safety and adverse events composite,2,23,1,Not Available,,07/01/2020,06/30/2022
DC,COMP_HIP_KNEE,Rate of complications for hip/knee replacement patients,0,5,0,2,,04/01/2019,03/31/2022
DC,MORT_30_AMI,Death rate for heart attack patients,0,4,1,2,,07/01/2019,06/30/2022
DC,MORT_30_CABG,Death rate for CABG surgery patients,0,1,1,0,,07/01/2019,06/30/2022
DC,MORT_30_COPD,Death rate for COPD patients,0,7,0,0,,07/01/2019,06/30/2022
DC,MORT_30_HF,Death rate for heart failure patients,0,5,2,0,,07/01/2019,06/30/2022
DC,MORT_30_PN,Death rate for pneumonia patients,0,6,1,0,,07/01/2019,06/30/2022
DC,MORT_30_STK,Death rate for stroke patients,0,4,1,1,,07/01/2019,06/30/2022
DC,PSI_03,Pressure ulcer rate,2,5,0,0,,07/01/2020,06/30/2022
DC,PSI_04,Death rate among surgical inpatients with serious treatable complications,0,5,1,1,,07/01/2020,06/30/2022
DC,PSI_06,Iatrogenic pneumothorax rate,0,7,0,0,,07/01/2020,06/30/2022
DC,PSI_08,In-hospital fall with hip fracture rate,0,7,0,0,,07/01/2020,06/30/2022
DC,PSI_09,Postoperative hemorrhage or hematoma rate,0,6,1,0,,07/01/2020,06/30/2022
DC,PSI_10,Postoperative acute kidney injury requiring dialysis rate,0,6,0,1,,07/01/2020,06/30/2022
DC,PSI_11,Postoperative respiratory failure rate,0,5,1,1,,07/01/2020,06/30/2022
DC,PSI_12,Perioperative pulmonary embolism or deep vein thrombosis rate,0,7,0,0,,07/01/2020,06/30/2022
DC,PSI_13,Postoperative sepsis rate,0,5,1,1,,07/01/2020,06/30/2022
DC,PSI_14,Postoperative wound dehiscence rate,0,7,0,0,,07/01/2020,06/30/2022
DC,PSI_15,Abdominopelvic accidental puncture or laceration rate,0,7,0,0,,07/01/2020,06/30/2022
DC,PSI_90,CMS Medicare PSI 90: Patient safety and adverse events composite,2,5,0,Not Available,,07/01/2020,06/30/2022
DE,COMP_HIP_KNEE,Rate of complications for hip/knee replacement patients,0,5,0,1,,04/01/2019,03/31/2022
DE,MORT_30_AMI,Death rate for heart attack patients,0,5,1,1,,07/01/2019,06/30/2022
DE,MORT_30_CABG,Death rate for CABG surgery patients,0,3,0,0,,07/01/2019,06/30/2022
DE,MORT_30_COPD,Death rate for COPD patients,0,7,0,0,,07/01/2019,06/30/2022
DE,MORT_30_HF,Death rate for heart failure patients,0,6,1,0,,07/01/2019,06/30/2022
DE,MORT_30_PN,Death rate for pneumonia patients,1,6,0,0,,07/01/2019,06/30/2022
DE,MORT_30_STK,Death rate for stroke patients,0,6,0,0,,07/01/2019,06/30/2022
DE,PSI_03,Pressure ulcer rate,4,3,0,0,,07/01/2020,06/30/2022
DE,PSI_04,Death rate among surgical inpatients with serious treatable complications,0,4,0,2,,07/01/2020,06/30/2022
DE,PSI_06,Iatrogenic pneumothorax rate,0,7,0,0,,07/01/2020,06/30/2022
DE,PSI_08,In-hospital fall with hip fracture rate,0,7,0,0,,07/01/2020,06/30/2022
DE,PSI_09,Postoperative hemorrhage or hematoma rate,0,7,0,0,,07/01/2020,06/30/2022
DE,PSI_10,Postoperative acute kidney injury requiring dialysis rate,0,6,0,1,,07/01/2020,06/30/2022
DE,PSI_11,Postoperative respiratory failure rate,0,6,0,1,,07/01/2020,06/30/2022
DE,PSI_12,Perioperative pulmonary embolism or deep vein thrombosis rate,0,7,0,0,,07/01/2020,06/30/2022
DE,PSI_13,Postoperative sepsis rate,0,5,1,0,,07/01/2020,06/30/2022
DE,PSI_14,Postoperative wound dehiscence rate,0,6,0,1,,07/01/2020,06/30/2022
DE,PSI_15,Abdominopelvic accidental puncture or laceration rate,0,7,0,0,,07/01/2020,06/30/2022
DE,PSI_90,CMS Medicare PSI 90: Patient safety and adverse events composite,1,6,0,Not Available,,07/01/2020,06/30/2022
FL,COMP_HIP_KNEE,Rate of complications for hip/knee replacement patients,0,124,1,40,,04/01/2019,03/31/2022
FL,MORT_30_AMI,Death rate for heart attack patients,1,140,1,37,,07/01/2019,06/30/2022
FL,MORT_30_CABG,Death rate for CABG surgery patients,0,66,0,13,,07/01/2019,06/30/2022
FL,MORT_30_COPD,Death rate for COPD patients,2,158,1,26,,07/01/2019,06/30/2022
FL,MORT_30_HF,Death rate for heart failure patients,5,148,14,19,,07/01/2019,06/30/2022
FL,MORT_30_PN,Death rate for pneumonia patients,9,147,19,14,,07/01/2019,06/30/2022
FL,MORT_30_STK,Death rate for stroke patients,3,130,5,33,,07/01/2019,06/30/2022
FL,PSI_03,Pressure ulcer rate,12,154,8,1,,07/01/2020,06/30/2022
FL,PSI_04,Death rate among surgical inpatients with serious treatable complications,2,104,16,43,,07/01/2020,06/30/2022
FL,PSI_06,Iatrogenic pneumothorax rate,2,172,0,1,,07/01/2020,06/30/2022
FL,PSI_08,In-hospital fall with hip fracture rate,0,174,0,1,,07/01/2020,06/30/2022
FL,PSI_09,Postoperative hemorrhage or hematoma rate,2,165,1,3,,07/01/2020,06/30/2022
FL,PSI_10,Postoperative acute kidney injury requiring dialysis rate,2,151,1,13,,07/01/2020,06/30/2022
FL,PSI_11,Postoperative respiratory failure rate,10,142,4,11,,07/01/2020,06/30/2022
FL,PSI_12,Perioperative pulmonary embolism or deep vein thrombosis rate,6,162,0,3,,07/01/2020,06/30/2022
FL,PSI_13,Postoperative sepsis rate,1,152,2,11,,07/01/2020,06/30/2022
FL,PSI_14,Postoperative wound dehiscence rate,0,161,0,9,,07/01/2020,06/30/2022
FL,PSI_15,Abdominopelvic accidental puncture or laceration rate,0,169,1,3,,07/01/2020,06/30/2022
FL,PSI_90,CMS Medicare PSI 90: Patient safety and adverse events composite,12,153,6,Not Available,,07/01/2020,06/30/2022
GA,COMP_HIP_KNEE,Rate of complications for hip/knee replacement patients,0,42,0,42,,04/01/2019,03/31/2022
GA,MORT_30_AMI,Death rate for heart attack patients,0,58,1,50,,07/01/2019,06/30/2022
GA,MORT_30_CABG,Death rate for CABG surgery patients,0,18,0,4,,07/01/2019,06/30/2022
GA,MORT_30_COPD,Death rate for COPD patients,0,77,0,54,,07/01/2019,06/30/2022
GA,MORT_30_HF,Death rate for heart failure patients,3,78,3,45,,07/01/2019,06/30/2022
GA,MORT_30_PN,Death rate for pneumonia patients,7,93,3,30,,07/01/2019,06/30/2022
GA,MORT_30_STK,Death rate for stroke patients,2,62,0,47,,07/01/2019,06/30/2022
GA,PSI_03,Pressure ulcer rate,5,93,3,1,,07/01/2020,06/30/2022
GA,PSI_04,Death rate among surgical inpatients with serious treatable complications,1,50,1,27,,07/01/2020,06/30/2022
GA,PSI_06,Iatrogenic pneumothorax rate,1,100,0,1,,07/01/2020,06/30/2022
GA,PSI_08,In-hospital fall with hip fracture rate,0,101,0,1,,07/01/2020,06/30/2022
GA,PSI_09,Postoperative hemorrhage or hematoma rate,0,84,0,7,,07/01/2020,06/30/2022
GA,PSI_10,Postoperative acute kidney injury requiring dialysis rate,1,72,0,10,,07/01/2020,06/30/2022
GA,PSI_11,Postoperative respiratory failure rate,2,70,1,9,,07/01/2020,06/30/2022
GA,PSI_12,Perioperative pulmonary embolism or deep vein thrombosis rate,3,81,0,8,,07/01/2020,06/30/2022
GA,PSI_13,Postoperative sepsis rate,1,72,0,9,,07/01/2020,06/30/2022
GA,PSI_14,Postoperative wound dehiscence rate,0,75,0,12,,07/01/2020,06/30/2022
GA,PSI_15,Abdominopelvic accidental puncture or laceration rate,2,82,0,14,,07/01/2020,06/30/2022
GA,PSI_90,CMS Medicare PSI 90: Patient safety and adverse events composite,6,81,1,Not Available,,07/01/2020,06/30/2022
GU,COMP_HIP_KNEE,Rate of complications for hip/knee replacement patients,Not Available,Not Available,Not Available,Not Available,5,04/01/2019,03/31/2022
GU,MORT_30_AMI,Death rate for heart attack patients,Not Available,Not Available,Not Available,Not Available,5,07/01/2019,06/30/2022
GU,MORT_30_CABG,Death rate for CABG surgery patients,Not Available,Not Available,Not Available,Not Available,5,07/01/2019,06/30/2022
GU,MORT_30_COPD,Death rate for COPD patients,Not Available,Not Available,Not Available,Not Available,5,07/01/2019,06/30/2022
GU,MORT_30_HF,Death rate for heart failure patients,Not Available,Not Available,Not Available,Not Available,5,07/01/2019,06/30/2022
GU,MORT_30_PN,Death rate for pneumonia patients,Not Available,Not Available,Not Available,Not Available,5,07/01/2019,06/30/2022
GU,MORT_30_STK,Death rate for stroke patients,Not Available,Not Available,Not Available,Not Available,5,07/01/2019,06/30/2022
GU,PSI_03,Pressure ulcer rate,Not Available,Not Available,Not Available,Not Available,5,07/01/2020,06/30/2022
GU,PSI_04,Death rate among surgical inpatients with serious treatable complications,Not Available,Not Available,Not Available,Not Available,5,07/01/2020,06/30/2022
GU,PSI_06,Iatrogenic pneumothorax rate,Not Available,Not Available,Not Available,Not Available,5,07/01/2020,06/30/2022
GU,PSI_08,In-hospital fall with hip fracture rate,Not Available,Not Available,Not Available,Not Available,5,07/01/2020,06/30/2022
GU,PSI_09,Postoperative hemorrhage or hematoma rate,Not Available,Not Available,Not Available,Not Available,5,07/01/2020,06/30/2022
GU,PSI_10,Postoperative acute kidney injury requiring dialysis rate,Not Available,Not Available,Not Available,Not Available,5,07/01/2020,06/30/2022
GU,PSI_11,Postoperative respiratory failure rate,Not Available,Not Available,Not Available,Not Available,5,07/01/2020,06/30/2022
GU,PSI_12,Perioperative pulmonary embolism or deep vein thrombosis rate,Not Available,Not Available,Not Available,Not Available,5,07/01/2020,06/30/2022
GU,PSI_13,Postoperative sepsis rate,Not Available,Not Available,Not Available,Not Available,5,07/01/2020,06/30/2022
GU,PSI_14,Postoperative wound dehiscence rate,Not Available,Not Available,Not Available,Not Available,5,07/01/2020,06/30/2022
GU,PSI_15,Abdominopelvic accidental puncture or laceration rate,Not Available,Not Available,Not Available,Not Available,5,07/01/2020,06/30/2022
GU,PSI_90,CMS Medicare PSI 90: Patient safety and adverse events composite,Not Available,Not Available,Not Available,Not Available,5,07/01/2020,06/30/2022
HI,COMP_HIP_KNEE,Rate of complications for hip/knee replacement patients,0,4,0,7,,04/01/2019,03/31/2022
HI,MORT_30_AMI,Death rate for heart attack patients,0,7,0,7,,07/01/2019,06/30/2022
HI,MORT_30_CABG,Death rate for CABG surgery patients,0,2,0,3,,07/01/2019,06/30/2022
HI,MORT_30_COPD,Death rate for COPD patients,0,6,0,9,,07/01/2019,06/30/2022
HI,MORT_30_HF,Death rate for heart failure patients,1,9,0,4,,07/01/2019,06/30/2022
HI,MORT_30_PN,Death rate for pneumonia patients,3,8,1,3,,07/01/2019,06/30/2022
HI,MORT_30_STK,Death rate for stroke patients,0,10,0,4,,07/01/2019,06/30/2022
HI,PSI_03,Pressure ulcer rate,1,11,0,0,,07/01/2020,06/30/2022
HI,PSI_04,Death rate among surgical inpatients with serious treatable complications,0,6,0,5,,07/01/2020,06/30/2022
HI,PSI_06,Iatrogenic pneumothorax rate,0,12,0,0,,07/01/2020,06/30/2022
HI,PSI_08,In-hospital fall with hip fracture rate,0,12,0,0,,07/01/2020,06/30/2022
HI,PSI_09,Postoperative hemorrhage or hematoma rate,0,11,0,0,,07/01/2020,06/30/2022
HI,PSI_10,Postoperative acute kidney injury requiring dialysis rate,0,10,0,1,,07/01/2020,06/30/2022
HI,PSI_11,Postoperative respiratory failure rate,0,10,0,1,,07/01/2020,06/30/2022
HI,PSI_12,Perioperative pulmonary embolism or deep vein thrombosis rate,0,11,0,0,,07/01/2020,06/30/2022
HI,PSI_13,Postoperative sepsis rate,0,10,0,1,,07/01/2020,06/30/2022
HI,PSI_14,Postoperative wound dehiscence rate,0,11,0,0,,07/01/2020,06/30/2022
HI,PSI_15,Abdominopelvic accidental puncture or laceration rate,2,9,0,1,,07/01/2020,06/30/2022
HI,PSI_90,CMS Medicare PSI 90: Patient safety and adverse events composite,0,11,0,Not Available,,07/01/2020,06/30/2022
IA,COMP_HIP_KNEE,Rate of complications for hip/knee replacement patients,0,34,0,43,,04/01/2019,03/31/2022
IA,MORT_30_AMI,Death rate for heart attack patients,1,22,0,86,,07/01/2019,06/30/2022
IA,MORT_30_CABG,Death rate for CABG surgery patients,0,10,0,1,,07/01/2019,06/30/2022
IA,MORT_30_COPD,Death rate for COPD patients,0,33,0,84,,07/01/2019,06/30/2022
IA,MORT_30_HF,Death rate for heart failure patients,6,49,0,62,,07/01/2019,06/30/2022
IA,MORT_30_PN,Death rate for pneumonia patients,2,90,0,26,,07/01/2019,06/30/2022
IA,MORT_30_STK,Death rate for stroke patients,0,27,0,85,,07/01/2019,06/30/2022
IA,PSI_03,Pressure ulcer rate,4,30,1,0,,07/01/2020,06/30/2022
IA,PSI_04,Death rate among surgical inpatients with serious treatable complications,2,14,0,11,,07/01/2020,06/30/2022
IA,PSI_06,Iatrogenic pneumothorax rate,1,34,0,0,,07/01/2020,06/30/2022
IA,PSI_08,In-hospital fall with hip fracture rate,0,35,0,0,,07/01/2020,06/30/2022
IA,PSI_09,Postoperative hemorrhage or hematoma rate,0,33,0,1,,07/01/2020,06/30/2022
IA,PSI_10,Postoperative acute kidney injury requiring dialysis rate,0,32,0,1,,07/01/2020,06/30/2022
IA,PSI_11,Postoperative respiratory failure rate,1,29,1,2,,07/01/2020,06/30/2022
IA,PSI_12,Perioperative pulmonary embolism or deep vein thrombosis rate,0,33,0,1,,07/01/2020,06/30/2022
IA,PSI_13,Postoperative sepsis rate,0,30,0,3,,07/01/2020,06/30/2022
IA,PSI_14,Postoperative wound dehiscence rate,0,29,0,4,,07/01/2020,06/30/2022
IA,PSI_15,Abdominopelvic accidental puncture or laceration rate,1,31,0,2,,07/01/2020,06/30/2022
IA,PSI_90,CMS Medicare PSI 90: Patient safety and adverse events composite,2,32,0,Not Available,,07/01/2020,06/30/2022
ID,COMP_HIP_KNEE,Rate of complications for hip/knee replacement patients,0,21,0,11,,04/01/2019,03/31/2022
ID,MORT_30_AMI,Death rate for heart attack patients,0,10,0,23,,07/01/2019,06/30/2022
ID,MORT_30_CABG,Death rate for CABG surgery patients,0,5,0,0,,07/01/2019,06/30/2022
ID,MORT_30_COPD,Death rate for COPD patients,0,13,0,28,,07/01/2019,06/30/2022
ID,MORT_30_HF,Death rate for heart failure patients,2,15,0,23,,07/01/2019,06/30/2022
ID,MORT_30_PN,Death rate for pneumonia patients,0,26,1,14,,07/01/2019,06/30/2022
ID,MORT_30_STK,Death rate for stroke patients,1,10,0,22,,07/01/2019,06/30/2022
ID,PSI_03,Pressure ulcer rate,1,15,0,0,,07/01/2020,06/30/2022
ID,PSI_04,Death rate among surgical inpatients with serious treatable complications,0,8,0,7,,07/01/2020,06/30/2022
ID,PSI_06,Iatrogenic pneumothorax rate,0,16,0,0,,07/01/2020,06/30/2022
ID,PSI_08,In-hospital fall with hip fracture rate,0,16,0,0,,07/01/2020,06/30/2022
ID,PSI_09,Postoperative hemorrhage or hematoma rate,0,16,0,0,,07/01/2020,06/30/2022
ID,PSI_10,Postoperative acute kidney injury requiring dialysis rate,1,15,0,0,,07/01/2020,06/30/2022
ID,PSI_11,Postoperative respiratory failure rate,0,15,1,0,,07/01/2020,06/30/2022
ID,PSI_12,Perioperative pulmonary embolism or deep vein thrombosis rate,0,16,0,0,,07/01/2020,06/30/2022
ID,PSI_13,Postoperative sepsis rate,0,16,0,0,,07/01/2020,06/30/2022
ID,PSI_14,Postoperative wound dehiscence rate,0,16,0,0,,07/01/2020,06/30/2022
ID,PSI_15,Abdominopelvic accidental puncture or laceration rate,0,16,0,0,,07/01/2020,06/30/2022
ID,PSI_90,CMS Medicare PSI 90: Patient safety and adverse events composite,1,15,0,Not Available,,07/01/2020,06/30/2022
IL,COMP_HIP_KNEE,Rate of complications for hip/knee replacement patients,1,91,0,45,,04/01/2019,03/31/2022
IL,MORT_30_AMI,Death rate for heart attack patients,0,90,0,72,,07/01/2019,06/30/2022
IL,MORT_30_CABG,Death rate for CABG surgery patients,0,41,0,14,,07/01/2019,06/30/2022
IL,MORT_30_COPD,Death rate for COPD patients,0,121,5,53,,07/01/2019,06/30/2022
IL,MORT_30_HF,Death rate for heart failure patients,2,112,20,46,,07/01/2019,06/30/2022
IL,MORT_30_PN,Death rate for pneumonia patients,5,140,10,25,,07/01/2019,06/30/2022
IL,MORT_30_STK,Death rate for stroke patients,0,82,9,74,,07/01/2019,06/30/2022
IL,PSI_03,Pressure ulcer rate,11,114,1,0,,07/01/2020,06/30/2022
IL,PSI_04,Death rate among surgical inpatients with serious treatable complications,1,67,2,41,,07/01/2020,06/30/2022
IL,PSI_06,Iatrogenic pneumothorax rate,0,126,0,0,,07/01/2020,06/30/2022
IL,PSI_08,In-hospital fall with hip fracture rate,0,126,0,0,,07/01/2020,06/30/2022
IL,PSI_09,Postoperative hemorrhage or hematoma rate,0,116,1,6,,07/01/2020,06/30/2022
IL,PSI_10,Postoperative acute kidney injury requiring dialysis rate,0,102,0,15,,07/01/2020,06/30/2022
IL,PSI_11,Postoperative respiratory failure rate,9,92,3,13,,07/01/2020,06/30/2022
IL,PSI_12,Perioperative pulmonary embolism or deep vein thrombosis rate,5,114,0,4,,07/01/2020,06/30/2022
IL,PSI_13,Postoperative sepsis rate,3,94,2,15,,07/01/2020,06/30/2022
IL,PSI_14,Postoperative wound dehiscence rate,0,103,0,17,,07/01/2020,06/30/2022
IL,PSI_15,Abdominopelvic accidental puncture or laceration rate,2,117,0,5,,07/01/2020,06/30/2022
IL,PSI_90,CMS Medicare PSI 90: Patient safety and adverse events composite,7,110,5,Not Available,,07/01/2020,06/30/2022
IN,COMP_HIP_KNEE,Rate of complications for hip/knee replacement patients,0,58,0,35,,04/01/2019,03/31/2022
IN,MORT_30_AMI,Death rate for heart attack patients,0,50,0,56,,07/01/2019,06/30/2022
IN,MORT_30_CABG,Death rate for CABG surgery patients,0,25,0,3,,07/01/2019,06/30/2022
IN,MORT_30_COPD,Death rate for COPD patients,1,78,1,32,,07/01/2019,06/30/2022
IN,MORT_30_HF,Death rate for heart failure patients,3,85,1,23,,07/01/2019,06/30/2022
IN,MORT_30_PN,Death rate for pneumonia patients,1,97,2,12,,07/01/2019,06/30/2022
IN,MORT_30_STK,Death rate for stroke patients,1,58,0,44,,07/01/2019,06/30/2022
IN,PSI_03,Pressure ulcer rate,0,82,2,1,,07/01/2020,06/30/2022
IN,PSI_04,Death rate among surgical inpatients with serious treatable complications,0,39,0,26,,07/01/2020,06/30/2022
IN,PSI_06,Iatrogenic pneumothorax rate,0,84,0,1,,07/01/2020,06/30/2022
IN,PSI_08,In-hospital fall with hip fracture rate,0,84,0,1,,07/01/2020,06/30/2022
IN,PSI_09,Postoperative hemorrhage or hematoma rate,1,78,1,3,,07/01/2020,06/30/2022
IN,PSI_10,Postoperative acute kidney injury requiring dialysis rate,1,69,0,11,,07/01/2020,06/30/2022
IN,PSI_11,Postoperative respiratory failure rate,7,61,2,11,,07/01/2020,06/30/2022
IN,PSI_12,Perioperative pulmonary embolism or deep vein thrombosis rate,0,80,0,3,,07/01/2020,06/30/2022
IN,PSI_13,Postoperative sepsis rate,0,70,0,9,,07/01/2020,06/30/2022
IN,PSI_14,Postoperative wound dehiscence rate,0,68,0,12,,07/01/2020,06/30/2022
IN,PSI_15,Abdominopelvic accidental puncture or laceration rate,1,78,0,4,,07/01/2020,06/30/2022
IN,PSI_90,CMS Medicare PSI 90: Patient safety and adverse events composite,1,77,2,Not Available,,07/01/2020,06/30/2022
KS,COMP_HIP_KNEE,Rate of complications for hip/knee replacement patients,0,38,2,17,,04/01/2019,03/31/2022
KS,MORT_30_AMI,Death rate for heart attack patients,0,22,1,71,,07/01/2019,06/30/2022
KS,MORT_30_CABG,Death rate for CABG surgery patients,0,13,0,1,,07/01/2019,06/30/2022
KS,MORT_30_COPD,Death rate for COPD patients,0,37,0,85,,07/01/2019,06/30/2022
KS,MORT_30_HF,Death rate for heart failure patients,1,49,2,72,,07/01/2019,06/30/2022
KS,MORT_30_PN,Death rate for pneumonia patients,4,79,2,43,,07/01/2019,06/30/2022
KS,MORT_30_STK,Death rate for stroke patients,1,20,1,91,,07/01/2019,06/30/2022
KS,PSI_03,Pressure ulcer rate,3,48,0,1,,07/01/2020,06/30/2022
KS,PSI_04,Death rate among surgical inpatients with serious treatable complications,0,16,2,18,,07/01/2020,06/30/2022
KS,PSI_06,Iatrogenic pneumothorax rate,0,52,0,0,,07/01/2020,06/30/2022
KS,PSI_08,In-hospital fall with hip fracture rate,0,52,0,0,,07/01/2020,06/30/2022
KS,PSI_09,Postoperative hemorrhage or hematoma rate,0,46,0,2,,07/01/2020,06/30/2022
KS,PSI_10,Postoperative acute kidney injury requiring dialysis rate,0,43,0,5,,07/01/2020,06/30/2022
KS,PSI_11,Postoperative respiratory failure rate,2,40,1,5,,07/01/2020,06/30/2022
KS,PSI_12,Perioperative pulmonary embolism or deep vein thrombosis rate,0,44,2,2,,07/01/2020,06/30/2022
KS,PSI_13,Postoperative sepsis rate,0,43,0,4,,07/01/2020,06/30/2022
KS,PSI_14,Postoperative wound dehiscence rate,0,34,0,10,,07/01/2020,06/30/2022
KS,PSI_15,Abdominopelvic accidental puncture or laceration rate,0,44,0,5,,07/01/2020,06/30/2022
KS,PSI_90,CMS Medicare PSI 90: Patient safety and adverse events composite,3,44,1,Not Available,,07/01/2020,06/30/2022
KY,COMP_HIP_KNEE,Rate of complications for hip/knee replacement patients,0,30,0,27,,04/01/2019,03/31/2022
KY,MORT_30_AMI,Death rate for heart attack patients,1,35,0,43,,07/01/2019,06/30/2022
KY,MORT_30_CABG,Death rate for CABG surgery patients,0,14,0,3,,07/01/2019,06/30/2022
KY,MORT_30_COPD,Death rate for COPD patients,0,59,0,33,,07/01/2019,06/30/2022
KY,MORT_30_HF,Death rate for heart failure patients,3,59,2,29,,07/01/2019,06/30/2022
KY,MORT_30_PN,Death rate for pneumonia patients,6,72,3,12,,07/01/2019,06/30/2022
KY,MORT_30_STK,Death rate for stroke patients,2,32,0,53,,07/01/2019,06/30/2022
KY,PSI_03,Pressure ulcer rate,4,58,1,0,,07/01/2020,06/30/2022
KY,PSI_04,Death rate among surgical inpatients with serious treatable complications,2,25,0,24,,07/01/2020,06/30/2022
KY,PSI_06,Iatrogenic pneumothorax rate,0,63,0,0,,07/01/2020,06/30/2022
KY,PSI_08,In-hospital fall with hip fracture rate,0,63,0,0,,07/01/2020,06/30/2022
KY,PSI_09,Postoperative hemorrhage or hematoma rate,1,55,0,6,,07/01/2020,06/30/2022
KY,PSI_10,Postoperative acute kidney injury requiring dialysis rate,0,38,0,13,,07/01/2020,06/30/2022
KY,PSI_11,Postoperative respiratory failure rate,2,36,0,13,,07/01/2020,06/30/2022
KY,PSI_12,Perioperative pulmonary embolism or deep vein thrombosis rate,0,57,0,5,,07/01/2020,06/30/2022
KY,PSI_13,Postoperative sepsis rate,1,37,0,10,,07/01/2020,06/30/2022
KY,PSI_14,Postoperative wound dehiscence rate,0,44,0,16,,07/01/2020,06/30/2022
KY,PSI_15,Abdominopelvic accidental puncture or laceration rate,2,58,0,2,,07/01/2020,06/30/2022
KY,PSI_90,CMS Medicare PSI 90: Patient safety and adverse events composite,3,58,1,Not Available,,07/01/2020,06/30/2022
LA,COMP_HIP_KNEE,Rate of complications for hip/knee replacement patients,0,33,0,27,,04/01/2019,03/31/2022
LA,MORT_30_AMI,Death rate for heart attack patients,1,33,0,50,,07/01/2019,06/30/2022
LA,MORT_30_CABG,Death rate for CABG surgery patients,0,21,0,5,,07/01/2019,06/30/2022
LA,MORT_30_COPD,Death rate for COPD patients,0,48,0,48,,07/01/2019,06/30/2022
LA,MORT_30_HF,Death rate for heart failure patients,1,56,2,39,,07/01/2019,06/30/2022
LA,MORT_30_PN,Death rate for pneumonia patients,4,66,1,32,,07/01/2019,06/30/2022
LA,MORT_30_STK,Death rate for stroke patients,1,31,0,52,,07/01/2019,06/30/2022
LA,PSI_03,Pressure ulcer rate,2,84,0,3,,07/01/2020,06/30/2022
LA,PSI_04,Death rate among surgical inpatients with serious treatable complications,0,28,0,26,,07/01/2020,06/30/2022
LA,PSI_06,Iatrogenic pneumothorax rate,0,88,0,1,,07/01/2020,06/30/2022
LA,PSI_08,In-hospital fall with hip fracture rate,0,88,0,1,,07/01/2020,06/30/2022
LA,PSI_09,Postoperative hemorrhage or hematoma rate,0,70,0,12,,07/01/2020,06/30/2022
LA,PSI_10,Postoperative acute kidney injury requiring dialysis rate,1,58,0,15,,07/01/2020,06/30/2022
LA,PSI_11,Postoperative respiratory failure rate,3,54,1,16,,07/01/2020,06/30/2022
LA,PSI_12,Perioperative pulmonary embolism or deep vein thrombosis rate,3,68,0,11,,07/01/2020,06/30/2022
LA,PSI_13,Postoperative sepsis rate,0,57,0,13,,07/01/2020,06/30/2022
LA,PSI_14,Postoperative wound dehiscence rate,0,57,0,16,,07/01/2020,06/30/2022
LA,PSI_15,Abdominopelvic accidental puncture or laceration rate,0,68,0,11,,07/01/2020,06/30/2022
LA,PSI_90,CMS Medicare PSI 90: Patient safety and adverse events composite,2,76,1,Not Available,,07/01/2020,06/30/2022
MA,COMP_HIP_KNEE,Rate of complications for hip/knee replacement patients,0,48,2,5,,04/01/2019,03/31/2022
MA,MORT_30_AMI,Death rate for heart attack patients,0,39,2,15,,07/01/2019,06/30/2022
MA,MORT_30_CABG,Death rate for CABG surgery patients,0,12,0,1,,07/01/2019,06/30/2022
MA,MORT_30_COPD,Death rate for COPD patients,0,52,3,3,,07/01/2019,06/30/2022
MA,MORT_30_HF,Death rate for heart failure patients,0,44,12,2,,07/01/2019,06/30/2022
MA,MORT_30_PN,Death rate for pneumonia patients,1,37,18,2,,07/01/2019,06/30/2022
MA,MORT_30_STK,Death rate for stroke patients,0,47,4,5,,07/01/2019,06/30/2022
MA,PSI_03,Pressure ulcer rate,5,50,0,0,,07/01/2020,06/30/2022
MA,PSI_04,Death rate among surgical inpatients with serious treatable complications,0,36,0,16,,07/01/2020,06/30/2022
MA,PSI_06,Iatrogenic pneumothorax rate,0,55,0,0,,07/01/2020,06/30/2022
MA,PSI_08,In-hospital fall with hip fracture rate,0,55,0,0,,07/01/2020,06/30/2022
MA,PSI_09,Postoperative hemorrhage or hematoma rate,2,51,0,1,,07/01/2020,06/30/2022
MA,PSI_10,Postoperative acute kidney injury requiring dialysis rate,0,51,0,3,,07/01/2020,06/30/2022
MA,PSI_11,Postoperative respiratory failure rate,0,48,3,3,,07/01/2020,06/30/2022
MA,PSI_12,Perioperative pulmonary embolism or deep vein thrombosis rate,4,49,0,1,,07/01/2020,06/30/2022
MA,PSI_13,Postoperative sepsis rate,1,50,0,3,,07/01/2020,06/30/2022
MA,PSI_14,Postoperative wound dehiscence rate,0,49,0,3,,07/01/2020,06/30/2022
MA,PSI_15,Abdominopelvic accidental puncture or laceration rate,3,50,0,1,,07/01/2020,06/30/2022
MA,PSI_90,CMS Medicare PSI 90: Patient safety and adverse events composite,4,48,2,Not Available,,07/01/2020,06/30/2022
MD,COMP_HIP_KNEE,Rate of complications for hip/knee replacement patients,0,35,0,8,,04/01/2019,03/31/2022
MD,MORT_30_AMI,Death rate for heart attack patients,0,37,0,6,,07/01/2019,06/30/2022
MD,MORT_30_CABG,Death rate for CABG surgery patients,0,10,0,1,,07/01/2019,06/30/2022
MD,MORT_30_COPD,Death rate for COPD patients,0,40,2,3,,07/01/2019,06/30/2022
MD,MORT_30_HF,Death rate for heart failure patients,2,36,5,3,,07/01/2019,06/30/2022
MD,MORT_30_PN,Death rate for pneumonia patients,2,40,1,4,,07/01/2019,06/30/2022
MD,MORT_30_STK,Death rate for stroke patients,0,40,0,5,,07/01/2019,06/30/2022
MD,PSI_03,Pressure ulcer rate,12,34,0,0,,07/01/2020,06/30/2022
MD,PSI_04,Death rate among surgical inpatients with serious treatable complications,0,35,0,6,,07/01/2020,06/30/2022
MD,PSI_06,Iatrogenic pneumothorax rate,0,46,0,0,,07/01/2020,06/30/2022
MD,PSI_08,In-hospital fall with hip fracture rate,0,46,0,0,,07/01/2020,06/30/2022
MD,PSI_09,Postoperative hemorrhage or hematoma rate,1,43,0,0,,07/01/2020,06/30/2022
MD,PSI_10,Postoperative acute kidney injury requiring dialysis rate,0,42,0,2,,07/01/2020,06/30/2022
MD,PSI_11,Postoperative respiratory failure rate,1,40,1,2,,07/01/2020,06/30/2022
MD,PSI_12,Perioperative pulmonary embolism or deep vein thrombosis rate,5,39,0,0,,07/01/2020,06/30/2022
MD,PSI_13,Postoperative sepsis rate,0,42,0,2,,07/01/2020,06/30/2022
MD,PSI_14,Postoperative wound dehiscence rate,0,42,0,1,,07/01/2020,06/30/2022
MD,PSI_15,Abdominopelvic accidental puncture or laceration rate,0,43,0,1,,07/01/2020,06/30/2022
MD,PSI_90,CMS Medicare PSI 90: Patient safety and adverse events composite,5,38,1,Not Available,,07/01/2020,06/30/2022
ME,COMP_HIP_KNEE,Rate of complications for hip/knee replacement patients,0,12,0,15,,04/01/2019,03/31/2022
ME,MORT_30_AMI,Death rate for heart attack patients,0,11,0,23,,07/01/2019,06/30/2022
ME,MORT_30_CABG,Death rate for CABG surgery patients,0,3,0,0,,07/01/2019,06/30/2022
ME,MORT_30_COPD,Death rate for COPD patients,0,18,0,16,,07/01/2019,06/30/2022
ME,MORT_30_HF,Death rate for heart failure patients,1,25,0,8,,07/01/2019,06/30/2022
ME,MORT_30_PN,Death rate for pneumonia patients,0,29,0,5,,07/01/2019,06/30/2022
ME,MORT_30_STK,Death rate for stroke patients,0,15,0,18,,07/01/2019,06/30/2022
ME,PSI_03,Pressure ulcer rate,1,17,0,0,,07/01/2020,06/30/2022
ME,PSI_04,Death rate among surgical inpatients with serious treatable complications,0,5,0,10,,07/01/2020,06/30/2022
ME,PSI_06,Iatrogenic pneumothorax rate,0,18,0,0,,07/01/2020,06/30/2022
ME,PSI_08,In-hospital fall with hip fracture rate,0,18,0,0,,07/01/2020,06/30/2022
ME,PSI_09,Postoperative hemorrhage or hematoma rate,1,17,0,0,,07/01/2020,06/30/2022
ME,PSI_10,Postoperative acute kidney injury requiring dialysis rate,0,15,0,3,,07/01/2020,06/30/2022
ME,PSI_11,Postoperative respiratory failure rate,0,14,0,4,,07/01/2020,06/30/2022
ME,PSI_12,Perioperative pulmonary embolism or deep vein thrombosis rate,0,18,0,0,,07/01/2020,06/30/2022
ME,PSI_13,Postoperative sepsis rate,0,14,0,4,,07/01/2020,06/30/2022
ME,PSI_14,Postoperative wound dehiscence rate,0,15,0,3,,07/01/2020,06/30/2022
ME,PSI_15,Abdominopelvic accidental puncture or laceration rate,0,18,0,0,,07/01/2020,06/30/2022
ME,PSI_90,CMS Medicare PSI 90: Patient safety and adverse events composite,0,17,1,Not Available,,07/01/2020,06/30/2022
MI,COMP_HIP_KNEE,Rate of complications for hip/knee replacement patients,0,72,0,37,,04/01/2019,03/31/2022
MI,MORT_30_AMI,Death rate for heart attack patients,0,54,0,61,,07/01/2019,06/30/2022
MI,MORT_30_CABG,Death rate for CABG surgery patients,0,31,0,5,,07/01/2019,06/30/2022
MI,MORT_30_COPD,Death rate for COPD patients,0,87,2,34,,07/01/2019,06/30/2022
MI,MORT_30_HF,Death rate for heart failure patients,2,86,7,28,,07/01/2019,06/30/2022
MI,MORT_30_PN,Death rate for pneumonia patients,1,94,9,23,,07/01/2019,06/30/2022
MI,MORT_30_STK,Death rate for stroke patients,0,69,0,41,,07/01/2019,06/30/2022
MI,PSI_03,Pressure ulcer rate,4,88,1,4,,07/01/2020,06/30/2022
MI,PSI_04,Death rate among surgical inpatients with serious treatable complications,1,47,0,28,,07/01/2020,06/30/2022
MI,PSI_06,Iatrogenic pneumothorax rate,0,96,0,1,,07/01/2020,06/30/2022
MI,PSI_08,In-hospital fall with hip fracture rate,0,96,0,1,,07/01/2020,06/30/2022
MI,PSI_09,Postoperative hemorrhage or hematoma rate,6,83,0,3,,07/01/2020,06/30/2022
MI,PSI_10,Postoperative acute kidney injury requiring dialysis rate,1,81,0,8,,07/01/2020,06/30/2022
MI,PSI_11,Postoperative respiratory failure rate,3,80,0,7,,07/01/2020,06/30/2022
MI,PSI_12,Perioperative pulmonary embolism or deep vein thrombosis rate,2,86,1,3,,07/01/2020,06/30/2022
MI,PSI_13,Postoperative sepsis rate,2,78,2,8,,07/01/2020,06/30/2022
MI,PSI_14,Postoperative wound dehiscence rate,2,77,0,9,,07/01/2020,06/30/2022
MI,PSI_15,Abdominopelvic accidental puncture or laceration rate,1,85,0,6,,07/01/2020,06/30/2022
MI,PSI_90,CMS Medicare PSI 90: Patient safety and adverse events composite,5,84,0,Not Available,,07/01/2020,06/30/2022
MN,COMP_HIP_KNEE,Rate of complications for hip/knee replacement patients,0,46,0,39,,04/01/2019,03/31/2022
MN,MORT_30_AMI,Death rate for heart attack patients,0,19,2,80,,07/01/2019,06/30/2022
MN,MORT_30_CABG,Death rate for CABG surgery patients,0,12,0,3,,07/01/2019,06/30/2022
MN,MORT_30_COPD,Death rate for COPD patients,0,26,0,95,,07/01/2019,06/30/2022
MN,MORT_30_HF,Death rate for heart failure patients,0,46,7,70,,07/01/2019,06/30/2022
MN,MORT_30_PN,Death rate for pneumonia patients,0,57,5,64,,07/01/2019,06/30/2022
MN,MORT_30_STK,Death rate for stroke patients,0,25,2,83,,07/01/2019,06/30/2022
MN,PSI_03,Pressure ulcer rate,0,45,4,0,,07/01/2020,06/30/2022
MN,PSI_04,Death rate among surgical inpatients with serious treatable complications,2,14,1,19,,07/01/2020,06/30/2022
MN,PSI_06,Iatrogenic pneumothorax rate,0,49,0,0,,07/01/2020,06/30/2022
MN,PSI_08,In-hospital fall with hip fracture rate,0,49,0,0,,07/01/2020,06/30/2022
MN,PSI_09,Postoperative hemorrhage or hematoma rate,0,47,0,1,,07/01/2020,06/30/2022
MN,PSI_10,Postoperative acute kidney injury requiring dialysis rate,0,42,0,6,,07/01/2020,06/30/2022
MN,PSI_11,Postoperative respiratory failure rate,1,40,1,6,,07/01/2020,06/30/2022
MN,PSI_12,Perioperative pulmonary embolism or deep vein thrombosis rate,1,46,0,1,,07/01/2020,06/30/2022
MN,PSI_13,Postoperative sepsis rate,0,40,1,7,,07/01/2020,06/30/2022
MN,PSI_14,Postoperative wound dehiscence rate,1,35,0,12,,07/01/2020,06/30/2022
MN,PSI_15,Abdominopelvic accidental puncture or laceration rate,0,47,0,1,,07/01/2020,06/30/2022
MN,PSI_90,CMS Medicare PSI 90: Patient safety and adverse events composite,0,45,3,Not Available,,07/01/2020,06/30/2022
MO,COMP_HIP_KNEE,Rate of complications for hip/knee replacement patients,0,50,0,28,,04/01/2019,03/31/2022
MO,MORT_30_AMI,Death rate for heart attack patients,0,50,0,42,,07/01/2019,06/30/2022
MO,MORT_30_CABG,Death rate for CABG surgery patients,0,24,0,6,,07/01/2019,06/30/2022
MO,MORT_30_COPD,Death rate for COPD patients,1,70,0,35,,07/01/2019,06/30/2022
MO,MORT_30_HF,Death rate for heart failure patients,4,67,5,31,,07/01/2019,06/30/2022
MO,MORT_30_PN,Death rate for pneumonia patients,6,83,6,13,,07/01/2019,06/30/2022
MO,MORT_30_STK,Death rate for stroke patients,0,45,2,45,,07/01/2019,06/30/2022
MO,PSI_03,Pressure ulcer rate,5,63,3,1,,07/01/2020,06/30/2022
MO,PSI_04,Death rate among surgical inpatients with serious treatable complications,2,39,1,23,,07/01/2020,06/30/2022
MO,PSI_06,Iatrogenic pneumothorax rate,0,72,0,0,,07/01/2020,06/30/2022
MO,PSI_08,In-hospital fall with hip fracture rate,0,72,0,0,,07/01/2020,06/30/2022
MO,PSI_09,Postoperative hemorrhage or hematoma rate,1,66,0,2,,07/01/2020,06/30/2022
MO,PSI_10,Postoperative acute kidney injury requiring dialysis rate,1,61,0,5,,07/01/2020,06/30/2022
MO,PSI_11,Postoperative respiratory failure rate,4,58,0,5,,07/01/2020,06/30/2022
MO,PSI_12,Perioperative pulmonary embolism or deep vein thrombosis rate,1,66,0,2,,07/01/2020,06/30/2022
MO,PSI_13,Postoperative sepsis rate,1,61,0,4,,07/01/2020,06/30/2022
MO,PSI_14,Postoperative wound dehiscence rate,0,59,0,9,,07/01/2020,06/30/2022
MO,PSI_15,Abdominopelvic accidental puncture or laceration rate,0,68,0,3,,07/01/2020,06/30/2022
MO,PSI_90,CMS Medicare PSI 90: Patient safety and adverse events composite,6,62,1,Not Available,,07/01/2020,06/30/2022
MP,COMP_HIP_KNEE,Rate of complications for hip/knee replacement patients,Not Available,Not Available,Not Available,Not Available,5,04/01/2019,03/31/2022
MP,MORT_30_AMI,Death rate for heart attack patients,Not Available,Not Available,Not Available,Not Available,5,07/01/2019,06/30/2022
MP,MORT_30_CABG,Death rate for CABG surgery patients,Not Available,Not Available,Not Available,Not Available,5,07/01/2019,06/30/2022
MP,MORT_30_COPD,Death rate for COPD patients,Not Available,Not Available,Not Available,Not Available,5,07/01/2019,06/30/2022
MP,MORT_30_HF,Death rate for heart failure patients,Not Available,Not Available,Not Available,Not Available,5,07/01/2019,06/30/2022
MP,MORT_30_PN,Death rate for pneumonia patients,Not Available,Not Available,Not Available,Not Available,5,07/01/2019,06/30/2022
MP,MORT_30_STK,Death rate for stroke patients,Not Available,Not Available,Not Available,Not Available,5,07/01/2019,06/30/2022
MP,PSI_03,Pressure ulcer rate,Not Available,Not Available,Not Available,Not Available,5,07/01/2020,06/30/2022
MP,PSI_04,Death rate among surgical inpatients with serious treatable complications,Not Available,Not Available,Not Available,Not Available,5,07/01/2020,06/30/2022
MP,PSI_06,Iatrogenic pneumothorax rate,Not Available,Not Available,Not Available,Not Available,5,07/01/2020,06/30/2022
MP,PSI_08,In-hospital fall with hip fracture rate,Not Available,Not Available,Not Available,Not Available,5,07/01/2020,06/30/2022
MP,PSI_09,Postoperative hemorrhage or hematoma rate,Not Available,Not Available,Not Available,Not Available,5,07/01/2020,06/30/2022
MP,PSI_10,Postoperative acute kidney injury requiring dialysis rate,Not Available,Not Available,Not Available,Not Available,5,07/01/2020,06/30/2022
MP,PSI_11,Postoperative respiratory failure rate,Not Available,Not Available,Not Available,Not Available,5,07/01/2020,06/30/2022
MP,PSI_12,Perioperative pulmonary embolism or deep vein thrombosis rate,Not Available,Not Available,Not Available,Not Available,5,07/01/2020,06/30/2022
MP,PSI_13,Postoperative sepsis rate,Not Available,Not Available,Not Available,Not Available,5,07/01/2020,06/30/2022
MP,PSI_14,Postoperative wound dehiscence rate,Not Available,Not Available,Not Available,Not Available,5,07/01/2020,06/30/2022
MP,PSI_15,Abdominopelvic accidental puncture or laceration rate,Not Available,Not Available,Not Available,Not Available,5,07/01/2020,06/30/2022
MP,PSI_90,CMS Medicare PSI 90: Patient safety and adverse events composite,Not Available,Not Available,Not Available,Not Available,5,07/01/2020,06/30/2022
MS,COMP_HIP_KNEE,Rate of complications for hip/knee replacement patients,0,19,0,14,,04/01/2019,03/31/2022
MS,MORT_30_AMI,Death rate for heart attack patients,1,23,0,36,,07/01/2019,06/30/2022
MS,MORT_30_CABG,Death rate for CABG surgery patients,1,14,0,2,,07/01/2019,06/30/2022
MS,MORT_30_COPD,Death rate for COPD patients,3,36,0,49,,07/01/2019,06/30/2022
MS,MORT_30_HF,Death rate for heart failure patients,5,45,0,38,,07/01/2019,06/30/2022
MS,MORT_30_PN,Death rate for pneumonia patients,7,62,0,22,,07/01/2019,06/30/2022
MS,MORT_30_STK,Death rate for stroke patients,1,22,2,46,,07/01/2019,06/30/2022
MS,PSI_03,Pressure ulcer rate,5,51,2,3,,07/01/2020,06/30/2022
MS,PSI_04,Death rate among surgical inpatients with serious treatable complications,1,17,0,21,,07/01/2020,06/30/2022
MS,PSI_06,Iatrogenic pneumothorax rate,0,59,0,2,,07/01/2020,06/30/2022
MS,PSI_08,In-hospital fall with hip fracture rate,0,59,0,2,,07/01/2020,06/30/2022
MS,PSI_09,Postoperative hemorrhage or hematoma rate,1,41,0,4,,07/01/2020,06/30/2022
MS,PSI_10,Postoperative acute kidney injury requiring dialysis rate,2,33,0,9,,07/01/2020,06/30/2022
MS,PSI_11,Postoperative respiratory failure rate,2,33,0,9,,07/01/2020,06/30/2022
MS,PSI_12,Perioperative pulmonary embolism or deep vein thrombosis rate,1,41,0,4,,07/01/2020,06/30/2022
MS,PSI_13,Postoperative sepsis rate,2,31,0,9,,07/01/2020,06/30/2022
MS,PSI_14,Postoperative wound dehiscence rate,0,38,0,6,,07/01/2020,06/30/2022
MS,PSI_15,Abdominopelvic accidental puncture or laceration rate,0,43,0,4,,07/01/2020,06/30/2022
MS,PSI_90,CMS Medicare PSI 90: Patient safety and adverse events composite,5,41,0,Not Available,,07/01/2020,06/30/2022
MT,COMP_HIP_KNEE,Rate of complications for hip/knee replacement patients,0,19,0,8,,04/01/2019,03/31/2022
MT,MORT_30_AMI,Death rate for heart attack patients,0,10,0,23,,07/01/2019,06/30/2022
MT,MORT_30_CABG,Death rate for CABG surgery patients,0,5,0,1,,07/01/2019,06/30/2022
MT,MORT_30_COPD,Death rate for COPD patients,0,15,0,43,,07/01/2019,06/30/2022
MT,MORT_30_HF,Death rate for heart failure patients,3,16,0,35,,07/01/2019,06/30/2022
MT,MORT_30_PN,Death rate for pneumonia patients,2,22,0,36,,07/01/2019,06/30/2022
MT,MORT_30_STK,Death rate for stroke patients,0,10,0,32,,07/01/2019,06/30/2022
MT,PSI_03,Pressure ulcer rate,1,12,0,1,,07/01/2020,06/30/2022
MT,PSI_04,Death rate among surgical inpatients with serious treatable complications,1,7,0,3,,07/01/2020,06/30/2022
MT,PSI_06,Iatrogenic pneumothorax rate,0,14,0,0,,07/01/2020,06/30/2022
MT,PSI_08,In-hospital fall with hip fracture rate,0,14,0,0,,07/01/2020,06/30/2022
MT,PSI_09,Postoperative hemorrhage or hematoma rate,0,13,0,1,,07/01/2020,06/30/2022
MT,PSI_10,Postoperative acute kidney injury requiring dialysis rate,0,13,0,0,,07/01/2020,06/30/2022
MT,PSI_11,Postoperative respiratory failure rate,0,13,0,0,,07/01/2020,06/30/2022
MT,PSI_12,Perioperative pulmonary embolism or deep vein thrombosis rate,0,13,0,1,,07/01/2020,06/30/2022
MT,PSI_13,Postoperative sepsis rate,0,13,0,0,,07/01/2020,06/30/2022
MT,PSI_14,Postoperative wound dehiscence rate,0,11,0,1,,07/01/2020,06/30/2022
MT,PSI_15,Abdominopelvic accidental puncture or laceration rate,1,11,0,1,,07/01/2020,06/30/2022
MT,PSI_90,CMS Medicare PSI 90: Patient safety and adverse events composite,1,12,0,Not Available,,07/01/2020,06/30/2022
NC,COMP_HIP_KNEE,Rate of complications for hip/knee replacement patients,1,60,1,27,,04/01/2019,03/31/2022
NC,MORT_30_AMI,Death rate for heart attack patients,1,52,2,46,,07/01/2019,06/30/2022
NC,MORT_30_CABG,Death rate for CABG surgery patients,0,21,0,1,,07/01/2019,06/30/2022
NC,MORT_30_COPD,Death rate for COPD patients,2,83,0,20,,07/01/2019,06/30/2022
NC,MORT_30_HF,Death rate for heart failure patients,3,87,3,13,,07/01/2019,06/30/2022
NC,MORT_30_PN,Death rate for pneumonia patients,9,84,4,9,,07/01/2019,06/30/2022
NC,MORT_30_STK,Death rate for stroke patients,2,75,1,19,,07/01/2019,06/30/2022
NC,PSI_03,Pressure ulcer rate,5,81,2,0,,07/01/2020,06/30/2022
NC,PSI_04,Death rate among surgical inpatients with serious treatable complications,2,43,0,33,,07/01/2020,06/30/2022
NC,PSI_06,Iatrogenic pneumothorax rate,0,88,0,0,,07/01/2020,06/30/2022
NC,PSI_08,In-hospital fall with hip fracture rate,0,88,0,0,,07/01/2020,06/30/2022
NC,PSI_09,Postoperative hemorrhage or hematoma rate,0,84,1,0,,07/01/2020,06/30/2022
NC,PSI_10,Postoperative acute kidney injury requiring dialysis rate,0,76,0,7,,07/01/2020,06/30/2022
NC,PSI_11,Postoperative respiratory failure rate,0,75,2,6,,07/01/2020,06/30/2022
NC,PSI_12,Perioperative pulmonary embolism or deep vein thrombosis rate,1,83,1,0,,07/01/2020,06/30/2022
NC,PSI_13,Postoperative sepsis rate,0,73,0,10,,07/01/2020,06/30/2022
NC,PSI_14,Postoperative wound dehiscence rate,2,76,0,6,,07/01/2020,06/30/2022
NC,PSI_15,Abdominopelvic accidental puncture or laceration rate,0,83,0,2,,07/01/2020,06/30/2022
NC,PSI_90,CMS Medicare PSI 90: Patient safety and adverse events composite,1,81,3,Not Available,,07/01/2020,06/30/2022
ND,COMP_HIP_KNEE,Rate of complications for hip/knee replacement patients,0,9,0,2,,04/01/2019,03/31/2022
ND,MORT_30_AMI,Death rate for heart attack patients,0,6,0,23,,07/01/2019,06/30/2022
ND,MORT_30_CABG,Death rate for CABG surgery patients,0,6,0,0,,07/01/2019,06/30/2022
ND,MORT_30_COPD,Death rate for COPD patients,0,9,0,32,,07/01/2019,06/30/2022
ND,MORT_30_HF,Death rate for heart failure patients,0,11,1,31,,07/01/2019,06/30/2022
ND,MORT_30_PN,Death rate for pneumonia patients,0,23,1,21,,07/01/2019,06/30/2022
ND,MORT_30_STK,Death rate for stroke patients,0,6,0,24,,07/01/2019,06/30/2022
ND,PSI_03,Pressure ulcer rate,2,6,0,0,,07/01/2020,06/30/2022
ND,PSI_04,Death rate among surgical inpatients with serious treatable complications,0,6,0,1,,07/01/2020,06/30/2022
ND,PSI_06,Iatrogenic pneumothorax rate,0,8,0,0,,07/01/2020,06/30/2022
ND,PSI_08,In-hospital fall with hip fracture rate,0,8,0,0,,07/01/2020,06/30/2022
ND,PSI_09,Postoperative hemorrhage or hematoma rate,0,7,0,0,,07/01/2020,06/30/2022
ND,PSI_10,Postoperative acute kidney injury requiring dialysis rate,0,7,0,0,,07/01/2020,06/30/2022
ND,PSI_11,Postoperative respiratory failure rate,1,6,0,0,,07/01/2020,06/30/2022
ND,PSI_12,Perioperative pulmonary embolism or deep vein thrombosis rate,0,7,0,0,,07/01/2020,06/30/2022
ND,PSI_13,Postoperative sepsis rate,1,6,0,0,,07/01/2020,06/30/2022
ND,PSI_14,Postoperative wound dehiscence rate,0,7,0,0,,07/01/2020,06/30/2022
ND,PSI_15,Abdominopelvic accidental puncture or laceration rate,1,6,0,0,,07/01/2020,06/30/2022
ND,PSI_90,CMS Medicare PSI 90: Patient safety and adverse events composite,2,4,1,Not Available,,07/01/2020,06/30/2022
NE,COMP_HIP_KNEE,Rate of complications for hip/knee replacement patients,0,30,0,28,,04/01/2019,03/31/2022
NE,MORT_30_AMI,Death rate for heart attack patients,0,17,0,46,,07/01/2019,06/30/2022
NE,MORT_30_CABG,Death rate for CABG surgery patients,0,8,0,0,,07/01/2019,06/30/2022
NE,MORT_30_COPD,Death rate for COPD patients,1,22,0,58,,07/01/2019,06/30/2022
NE,MORT_30_HF,Death rate for heart failure patients,1,29,2,52,,07/01/2019,06/30/2022
NE,MORT_30_PN,Death rate for pneumonia patients,0,48,2,35,,07/01/2019,06/30/2022
NE,MORT_30_STK,Death rate for stroke patients,0,16,0,57,,07/01/2019,06/30/2022
NE,PSI_03,Pressure ulcer rate,1,23,1,0,,07/01/2020,06/30/2022
NE,PSI_04,Death rate among surgical inpatients with serious treatable complications,0,13,0,8,,07/01/2020,06/30/2022
NE,PSI_06,Iatrogenic pneumothorax rate,0,25,0,0,,07/01/2020,06/30/2022
NE,PSI_08,In-hospital fall with hip fracture rate,0,25,0,0,,07/01/2020,06/30/2022
NE,PSI_09,Postoperative hemorrhage or hematoma rate,0,25,0,0,,07/01/2020,06/30/2022
NE,PSI_10,Postoperative acute kidney injury requiring dialysis rate,1,23,0,1,,07/01/2020,06/30/2022
NE,PSI_11,Postoperative respiratory failure rate,0,23,1,1,,07/01/2020,06/30/2022
NE,PSI_12,Perioperative pulmonary embolism or deep vein thrombosis rate,1,24,0,0,,07/01/2020,06/30/2022
NE,PSI_13,Postoperative sepsis rate,1,23,0,1,,07/01/2020,06/30/2022
NE,PSI_14,Postoperative wound dehiscence rate,0,23,0,2,,07/01/2020,06/30/2022
NE,PSI_15,Abdominopelvic accidental puncture or laceration rate,0,24,1,0,,07/01/2020,06/30/2022
NE,PSI_90,CMS Medicare PSI 90: Patient safety and adverse events composite,1,23,1,Not Available,,07/01/2020,06/30/2022
NH,COMP_HIP_KNEE,Rate of complications for hip/knee replacement patients,0,16,0,8,,04/01/2019,03/31/2022
NH,MORT_30_AMI,Death rate for heart attack patients,0,11,0,14,,07/01/2019,06/30/2022
NH,MORT_30_CABG,Death rate for CABG surgery patients,0,4,0,0,,07/01/2019,06/30/2022
NH,MORT_30_COPD,Death rate for COPD patients,0,19,0,7,,07/01/2019,06/30/2022
NH,MORT_30_HF,Death rate for heart failure patients,0,20,2,4,,07/01/2019,06/30/2022
NH,MORT_30_PN,Death rate for pneumonia patients,0,25,0,1,,07/01/2019,06/30/2022
NH,MORT_30_STK,Death rate for stroke patients,0,17,0,9,,07/01/2019,06/30/2022
NH,PSI_03,Pressure ulcer rate,0,12,1,0,,07/01/2020,06/30/2022
NH,PSI_04,Death rate among surgical inpatients with serious treatable complications,0,8,0,5,,07/01/2020,06/30/2022
NH,PSI_06,Iatrogenic pneumothorax rate,0,13,0,0,,07/01/2020,06/30/2022
NH,PSI_08,In-hospital fall with hip fracture rate,0,13,0,0,,07/01/2020,06/30/2022
NH,PSI_09,Postoperative hemorrhage or hematoma rate,1,12,0,0,,07/01/2020,06/30/2022
NH,PSI_10,Postoperative acute kidney injury requiring dialysis rate,0,13,0,0,,07/01/2020,06/30/2022
NH,PSI_11,Postoperative respiratory failure rate,0,13,0,0,,07/01/2020,06/30/2022
NH,PSI_12,Perioperative pulmonary embolism or deep vein thrombosis rate,0,13,0,0,,07/01/2020,06/30/2022
NH,PSI_13,Postoperative sepsis rate,0,13,0,0,,07/01/2020,06/30/2022
NH,PSI_14,Postoperative wound dehiscence rate,0,13,0,0,,07/01/2020,06/30/2022
NH,PSI_15,Abdominopelvic accidental puncture or laceration rate,0,13,0,0,,07/01/2020,06/30/2022
NH,PSI_90,CMS Medicare PSI 90: Patient safety and adverse events composite,0,13,0,Not Available,,07/01/2020,06/30/2022
NJ,COMP_HIP_KNEE,Rate of complications for hip/knee replacement patients,1,41,0,18,,04/01/2019,03/31/2022
NJ,MORT_30_AMI,Death rate for heart attack patients,0,56,1,8,,07/01/2019,06/30/2022
NJ,MORT_30_CABG,Death rate for CABG surgery patients,0,15,0,2,,07/01/2019,06/30/2022
NJ,MORT_30_COPD,Death rate for COPD patients,0,61,0,4,,07/01/2019,06/30/2022
NJ,MORT_30_HF,Death rate for heart failure patients,1,60,3,1,,07/01/2019,06/30/2022
NJ,MORT_30_PN,Death rate for pneumonia patients,5,56,4,0,,07/01/2019,06/30/2022
NJ,MORT_30_STK,Death rate for stroke patients,1,50,5,8,,07/01/2019,06/30/2022
NJ,PSI_03,Pressure ulcer rate,4,59,1,0,,07/01/2020,06/30/2022
NJ,PSI_04,Death rate among surgical inpatients with serious treatable complications,2,44,1,17,,07/01/2020,06/30/2022
NJ,PSI_06,Iatrogenic pneumothorax rate,0,64,0,0,,07/01/2020,06/30/2022
NJ,PSI_08,In-hospital fall with hip fracture rate,0,64,0,0,,07/01/2020,06/30/2022
NJ,PSI_09,Postoperative hemorrhage or hematoma rate,0,64,0,0,,07/01/2020,06/30/2022
NJ,PSI_10,Postoperative acute kidney injury requiring dialysis rate,0,61,0,3,,07/01/2020,06/30/2022
NJ,PSI_11,Postoperative respiratory failure rate,1,57,3,3,,07/01/2020,06/30/2022
NJ,PSI_12,Perioperative pulmonary embolism or deep vein thrombosis rate,2,62,0,0,,07/01/2020,06/30/2022
NJ,PSI_13,Postoperative sepsis rate,1,58,1,4,,07/01/2020,06/30/2022
NJ,PSI_14,Postoperative wound dehiscence rate,0,60,0,4,,07/01/2020,06/30/2022
NJ,PSI_15,Abdominopelvic accidental puncture or laceration rate,0,64,0,0,,07/01/2020,06/30/2022
NJ,PSI_90,CMS Medicare PSI 90: Patient safety and adverse events composite,2,57,5,Not Available,,07/01/2020,06/30/2022
NM,COMP_HIP_KNEE,Rate of complications for hip/knee replacement patients,1,13,0,14,,04/01/2019,03/31/2022
NM,MORT_30_AMI,Death rate for heart attack patients,0,11,0,21,,07/01/2019,06/30/2022
NM,MORT_30_CABG,Death rate for CABG surgery patients,0,3,0,2,,07/01/2019,06/30/2022
NM,MORT_30_COPD,Death rate for COPD patients,0,12,0,28,,07/01/2019,06/30/2022
NM,MORT_30_HF,Death rate for heart failure patients,1,22,1,17,,07/01/2019,06/30/2022
NM,MORT_30_PN,Death rate for pneumonia patients,2,32,0,8,,07/01/2019,06/30/2022
NM,MORT_30_STK,Death rate for stroke patients,0,10,0,28,,07/01/2019,06/30/2022
NM,PSI_03,Pressure ulcer rate,5,25,0,0,,07/01/2020,06/30/2022
NM,PSI_04,Death rate among surgical inpatients with serious treatable complications,0,8,1,12,,07/01/2020,06/30/2022
NM,PSI_06,Iatrogenic pneumothorax rate,0,30,0,0,,07/01/2020,06/30/2022
NM,PSI_08,In-hospital fall with hip fracture rate,0,30,0,0,,07/01/2020,06/30/2022
NM,PSI_09,Postoperative hemorrhage or hematoma rate,0,25,0,2,,07/01/2020,06/30/2022
NM,PSI_10,Postoperative acute kidney injury requiring dialysis rate,0,18,0,5,,07/01/2020,06/30/2022
NM,PSI_11,Postoperative respiratory failure rate,0,18,0,5,,07/01/2020,06/30/2022
NM,PSI_12,Perioperative pulmonary embolism or deep vein thrombosis rate,0,25,0,2,,07/01/2020,06/30/2022
NM,PSI_13,Postoperative sepsis rate,0,18,0,5,,07/01/2020,06/30/2022
NM,PSI_14,Postoperative wound dehiscence rate,0,23,0,3,,07/01/2020,06/30/2022
NM,PSI_15,Abdominopelvic accidental puncture or laceration rate,1,25,0,3,,07/01/2020,06/30/2022
NM,PSI_90,CMS Medicare PSI 90: Patient safety and adverse events composite,5,21,0,Not Available,,07/01/2020,06/30/2022
NV,COMP_HIP_KNEE,Rate of complications for hip/knee replacement patients,0,19,0,8,,04/01/2019,03/31/2022
NV,MORT_30_AMI,Death rate for heart attack patients,0,20,0,11,,07/01/2019,06/30/2022
NV,MORT_30_CABG,Death rate for CABG surgery patients,0,12,0,0,,07/01/2019,06/30/2022
NV,MORT_30_COPD,Death rate for COPD patients,0,27,0,9,,07/01/2019,06/30/2022
NV,MORT_30_HF,Death rate for heart failure patients,0,22,4,8,,07/01/2019,06/30/2022
NV,MORT_30_PN,Death rate for pneumonia patients,0,24,2,9,,07/01/2019,06/30/2022
NV,MORT_30_STK,Death rate for stroke patients,2,15,0,12,,07/01/2019,06/30/2022
NV,PSI_03,Pressure ulcer rate,0,22,2,0,,07/01/2020,06/30/2022
NV,PSI_04,Death rate among surgical inpatients with serious treatable complications,0,15,2,3,,07/01/2020,06/30/2022
NV,PSI_06,Iatrogenic pneumothorax rate,0,25,0,0,,07/01/2020,06/30/2022
NV,PSI_08,In-hospital fall with hip fracture rate,0,25,0,0,,07/01/2020,06/30/2022
NV,PSI_09,Postoperative hemorrhage or hematoma rate,0,22,0,1,,07/01/2020,06/30/2022
NV,PSI_10,Postoperative acute kidney injury requiring dialysis rate,0,22,0,1,,07/01/2020,06/30/2022
NV,PSI_11,Postoperative respiratory failure rate,2,20,0,1,,07/01/2020,06/30/2022
NV,PSI_12,Perioperative pulmonary embolism or deep vein thrombosis rate,0,22,0,1,,07/01/2020,06/30/2022
NV,PSI_13,Postoperative sepsis rate,0,22,0,1,,07/01/2020,06/30/2022
NV,PSI_14,Postoperative wound dehiscence rate,0,21,0,0,,07/01/2020,06/30/2022
NV,PSI_15,Abdominopelvic accidental puncture or laceration rate,0,21,0,2,,07/01/2020,06/30/2022
NV,PSI_90,CMS Medicare PSI 90: Patient safety and adverse events composite,2,21,0,Not Available,,07/01/2020,06/30/2022
NY,COMP_HIP_KNEE,Rate of complications for hip/knee replacement patients,0,89,3,45,,04/01/2019,03/31/2022
NY,MORT_30_AMI,Death rate for heart attack patients,0,86,3,68,,07/01/2019,06/30/2022
NY,MORT_30_CABG,Death rate for CABG surgery patients,0,28,0,7,,07/01/2019,06/30/2022
NY,MORT_30_COPD,Death rate for COPD patients,1,127,5,32,,07/01/2019,06/30/2022
NY,MORT_30_HF,Death rate for heart failure patients,2,122,21,17,,07/01/2019,06/30/2022
NY,MORT_30_PN,Death rate for pneumonia patients,6,126,18,16,,07/01/2019,06/30/2022
NY,MORT_30_STK,Death rate for stroke patients,1,89,10,47,,07/01/2019,06/30/2022
NY,PSI_03,Pressure ulcer rate,32,111,4,1,,07/01/2020,06/30/2022
NY,PSI_04,Death rate among surgical inpatients with serious treatable complications,4,70,1,52,,07/01/2020,06/30/2022
NY,PSI_06,Iatrogenic pneumothorax rate,0,146,1,1,,07/01/2020,06/30/2022
NY,PSI_08,In-hospital fall with hip fracture rate,0,147,0,1,,07/01/2020,06/30/2022
NY,PSI_09,Postoperative hemorrhage or hematoma rate,3,130,3,6,,07/01/2020,06/30/2022
NY,PSI_10,Postoperative acute kidney injury requiring dialysis rate,0,121,2,16,,07/01/2020,06/30/2022
NY,PSI_11,Postoperative respiratory failure rate,4,112,5,18,,07/01/2020,06/30/2022
NY,PSI_12,Perioperative pulmonary embolism or deep vein thrombosis rate,9,126,1,6,,07/01/2020,06/30/2022
NY,PSI_13,Postoperative sepsis rate,5,111,2,21,,07/01/2020,06/30/2022
NY,PSI_14,Postoperative wound dehiscence rate,0,122,0,17,,07/01/2020,06/30/2022
NY,PSI_15,Abdominopelvic accidental puncture or laceration rate,2,136,1,3,,07/01/2020,06/30/2022
NY,PSI_90,CMS Medicare PSI 90: Patient safety and adverse events composite,22,115,3,Not Available,,07/01/2020,06/30/2022
OH,COMP_HIP_KNEE,Rate of complications for hip/knee replacement patients,0,87,1,57,,04/01/2019,03/31/2022
OH,MORT_30_AMI,Death rate for heart attack patients,1,78,1,61,,07/01/2019,06/30/2022
OH,MORT_30_CABG,Death rate for CABG surgery patients,0,43,1,7,,07/01/2019,06/30/2022
OH,MORT_30_COPD,Death rate for COPD patients,0,117,0,35,,07/01/2019,06/30/2022
OH,MORT_30_HF,Death rate for heart failure patients,1,120,7,23,,07/01/2019,06/30/2022
OH,MORT_30_PN,Death rate for pneumonia patients,1,123,12,15,,07/01/2019,06/30/2022
OH,MORT_30_STK,Death rate for stroke patients,1,77,5,57,,07/01/2019,06/30/2022
OH,PSI_03,Pressure ulcer rate,3,120,3,1,,07/01/2020,06/30/2022
OH,PSI_04,Death rate among surgical inpatients with serious treatable complications,0,56,2,52,,07/01/2020,06/30/2022
OH,PSI_06,Iatrogenic pneumothorax rate,0,128,0,0,,07/01/2020,06/30/2022
OH,PSI_08,In-hospital fall with hip fracture rate,0,128,0,0,,07/01/2020,06/30/2022
OH,PSI_09,Postoperative hemorrhage or hematoma rate,1,122,0,0,,07/01/2020,06/30/2022
OH,PSI_10,Postoperative acute kidney injury requiring dialysis rate,1,115,0,6,,07/01/2020,06/30/2022
OH,PSI_11,Postoperative respiratory failure rate,6,108,2,6,,07/01/2020,06/30/2022
OH,PSI_12,Perioperative pulmonary embolism or deep vein thrombosis rate,0,122,1,0,,07/01/2020,06/30/2022
OH,PSI_13,Postoperative sepsis rate,0,115,1,6,,07/01/2020,06/30/2022
OH,PSI_14,Postoperative wound dehiscence rate,0,111,0,10,,07/01/2020,06/30/2022
OH,PSI_15,Abdominopelvic accidental puncture or laceration rate,1,119,0,3,,07/01/2020,06/30/2022
OH,PSI_90,CMS Medicare PSI 90: Patient safety and adverse events composite,3,117,3,Not Available,,07/01/2020,06/30/2022
OK,COMP_HIP_KNEE,Rate of complications for hip/knee replacement patients,1,35,1,22,,04/01/2019,03/31/2022
OK,MORT_30_AMI,Death rate for heart attack patients,1,28,0,39,,07/01/2019,06/30/2022
OK,MORT_30_CABG,Death rate for CABG surgery patients,1,10,0,4,,07/01/2019,06/30/2022
OK,MORT_30_COPD,Death rate for COPD patients,2,46,0,62,,07/01/2019,06/30/2022
OK,MORT_30_HF,Death rate for heart failure patients,3,53,1,52,,07/01/2019,06/30/2022
OK,MORT_30_PN,Death rate for pneumonia patients,3,73,2,34,,07/01/2019,06/30/2022
OK,MORT_30_STK,Death rate for stroke patients,2,28,2,55,,07/01/2019,06/30/2022
OK,PSI_03,Pressure ulcer rate,1,78,0,1,,07/01/2020,06/30/2022
OK,PSI_04,Death rate among surgical inpatients with serious treatable complications,3,20,0,26,,07/01/2020,06/30/2022
OK,PSI_06,Iatrogenic pneumothorax rate,1,78,0,2,,07/01/2020,06/30/2022
OK,PSI_08,In-hospital fall with hip fracture rate,0,79,0,2,,07/01/2020,06/30/2022
OK,PSI_09,Postoperative hemorrhage or hematoma rate,1,59,0,10,,07/01/2020,06/30/2022
OK,PSI_10,Postoperative acute kidney injury requiring dialysis rate,0,56,0,8,,07/01/2020,06/30/2022
OK,PSI_11,Postoperative respiratory failure rate,2,53,1,8,,07/01/2020,06/30/2022
OK,PSI_12,Perioperative pulmonary embolism or deep vein thrombosis rate,1,59,0,10,,07/01/2020,06/30/2022
OK,PSI_13,Postoperative sepsis rate,1,53,0,9,,07/01/2020,06/30/2022
OK,PSI_14,Postoperative wound dehiscence rate,0,51,0,10,,07/01/2020,06/30/2022
OK,PSI_15,Abdominopelvic accidental puncture or laceration rate,0,58,0,16,,07/01/2020,06/30/2022
OK,PSI_90,CMS Medicare PSI 90: Patient safety and adverse events composite,4,62,0,Not Available,,07/01/2020,06/30/2022
OR,COMP_HIP_KNEE,Rate of complications for hip/knee replacement patients,0,31,0,16,,04/01/2019,03/31/2022
OR,MORT_30_AMI,Death rate for heart attack patients,1,22,0,31,,07/01/2019,06/30/2022
OR,MORT_30_CABG,Death rate for CABG surgery patients,0,10,0,1,,07/01/2019,06/30/2022
OR,MORT_30_COPD,Death rate for COPD patients,0,28,0,32,,07/01/2019,06/30/2022
OR,MORT_30_HF,Death rate for heart failure patients,0,43,1,16,,07/01/2019,06/30/2022
OR,MORT_30_PN,Death rate for pneumonia patients,0,43,2,14,,07/01/2019,06/30/2022
OR,MORT_30_STK,Death rate for stroke patients,1,36,0,21,,07/01/2019,06/30/2022
OR,PSI_03,Pressure ulcer rate,2,33,1,0,,07/01/2020,06/30/2022
OR,PSI_04,Death rate among surgical inpatients with serious treatable complications,0,16,1,14,,07/01/2020,06/30/2022
OR,PSI_06,Iatrogenic pneumothorax rate,0,36,0,0,,07/01/2020,06/30/2022
OR,PSI_08,In-hospital fall with hip fracture rate,0,36,0,0,,07/01/2020,06/30/2022
OR,PSI_09,Postoperative hemorrhage or hematoma rate,0,34,0,1,,07/01/2020,06/30/2022
OR,PSI_10,Postoperative acute kidney injury requiring dialysis rate,0,33,0,1,,07/01/2020,06/30/2022
OR,PSI_11,Postoperative respiratory failure rate,0,32,1,1,,07/01/2020,06/30/2022
OR,PSI_12,Perioperative pulmonary embolism or deep vein thrombosis rate,1,33,0,1,,07/01/2020,06/30/2022
OR,PSI_13,Postoperative sepsis rate,1,32,0,1,,07/01/2020,06/30/2022
OR,PSI_14,Postoperative wound dehiscence rate,0,33,0,1,,07/01/2020,06/30/2022
OR,PSI_15,Abdominopelvic accidental puncture or laceration rate,0,34,0,0,,07/01/2020,06/30/2022
OR,PSI_90,CMS Medicare PSI 90: Patient safety and adverse events composite,1,31,2,Not Available,,07/01/2020,06/30/2022
PA,COMP_HIP_KNEE,Rate of complications for hip/knee replacement patients,0,104,2,38,,04/01/2019,03/31/2022
PA,MORT_30_AMI,Death rate for heart attack patients,0,92,0,57,,07/01/2019,06/30/2022
PA,MORT_30_CABG,Death rate for CABG surgery patients,0,45,0,9,,07/01/2019,06/30/2022
PA,MORT_30_COPD,Death rate for COPD patients,1,108,0,49,,07/01/2019,06/30/2022
PA,MORT_30_HF,Death rate for heart failure patients,2,124,11,24,,07/01/2019,06/30/2022
PA,MORT_30_PN,Death rate for pneumonia patients,0,129,11,21,,07/01/2019,06/30/2022
PA,MORT_30_STK,Death rate for stroke patients,1,90,6,47,,07/01/2019,06/30/2022
PA,PSI_03,Pressure ulcer rate,8,139,2,3,,07/01/2020,06/30/2022
PA,PSI_04,Death rate among surgical inpatients with serious treatable complications,1,65,2,45,,07/01/2020,06/30/2022
PA,PSI_06,Iatrogenic pneumothorax rate,0,151,0,1,,07/01/2020,06/30/2022
PA,PSI_08,In-hospital fall with hip fracture rate,0,151,0,1,,07/01/2020,06/30/2022
PA,PSI_09,Postoperative hemorrhage or hematoma rate,1,132,2,8,,07/01/2020,06/30/2022
PA,PSI_10,Postoperative acute kidney injury requiring dialysis rate,1,116,0,17,,07/01/2020,06/30/2022
PA,PSI_11,Postoperative respiratory failure rate,1,113,4,17,,07/01/2020,06/30/2022
PA,PSI_12,Perioperative pulmonary embolism or deep vein thrombosis rate,2,132,1,8,,07/01/2020,06/30/2022
PA,PSI_13,Postoperative sepsis rate,1,113,1,18,,07/01/2020,06/30/2022
PA,PSI_14,Postoperative wound dehiscence rate,1,110,0,24,,07/01/2020,06/30/2022
PA,PSI_15,Abdominopelvic accidental puncture or laceration rate,2,131,0,9,,07/01/2020,06/30/2022
PA,PSI_90,CMS Medicare PSI 90: Patient safety and adverse events composite,4,131,5,Not Available,,07/01/2020,06/30/2022
PR,COMP_HIP_KNEE,Rate of complications for hip/knee replacement patients,0,5,0,23,,04/01/2019,03/31/2022
PR,MORT_30_AMI,Death rate for heart attack patients,0,7,0,39,,07/01/2019,06/30/2022
PR,MORT_30_CABG,Death rate for CABG surgery patients,0,0,0,7,,07/01/2019,06/30/2022
PR,MORT_30_COPD,Death rate for COPD patients,0,2,0,36,,07/01/2019,06/30/2022
PR,MORT_30_HF,Death rate for heart failure patients,0,5,1,39,,07/01/2019,06/30/2022
PR,MORT_30_PN,Death rate for pneumonia patients,1,8,0,38,,07/01/2019,06/30/2022
PR,MORT_30_STK,Death rate for stroke patients,0,3,0,42,,07/01/2019,06/30/2022
PR,PSI_03,Pressure ulcer rate,0,1,0,0,,07/01/2020,06/30/2022
PR,PSI_04,Death rate among surgical inpatients with serious treatable complications,0,1,0,0,,07/01/2020,06/30/2022
PR,PSI_06,Iatrogenic pneumothorax rate,0,1,0,0,,07/01/2020,06/30/2022
PR,PSI_08,In-hospital fall with hip fracture rate,0,1,0,0,,07/01/2020,06/30/2022
PR,PSI_09,Postoperative hemorrhage or hematoma rate,0,1,0,0,,07/01/2020,06/30/2022
PR,PSI_10,Postoperative acute kidney injury requiring dialysis rate,0,1,0,0,,07/01/2020,06/30/2022
PR,PSI_11,Postoperative respiratory failure rate,1,0,0,0,,07/01/2020,06/30/2022
PR,PSI_12,Perioperative pulmonary embolism or deep vein thrombosis rate,1,0,0,0,,07/01/2020,06/30/2022
PR,PSI_13,Postoperative sepsis rate,1,0,0,0,,07/01/2020,06/30/2022
PR,PSI_14,Postoperative wound dehiscence rate,0,1,0,0,,07/01/2020,06/30/2022
PR,PSI_15,Abdominopelvic accidental puncture or laceration rate,0,1,0,0,,07/01/2020,06/30/2022
PR,PSI_90,CMS Medicare PSI 90: Patient safety and adverse events composite,1,0,0,Not Available,,07/01/2020,06/30/2022
RI,COMP_HIP_KNEE,Rate of complications for hip/knee replacement patients,0,7,0,2,,04/01/2019,03/31/2022
RI,MORT_30_AMI,Death rate for heart attack patients,0,7,0,3,,07/01/2019,06/30/2022
RI,MORT_30_CABG,Death rate for CABG surgery patients,0,1,0,0,,07/01/2019,06/30/2022
RI,MORT_30_COPD,Death rate for COPD patients,0,10,0,0,,07/01/2019,06/30/2022
RI,MORT_30_HF,Death rate for heart failure patients,0,10,0,0,,07/01/2019,06/30/2022
RI,MORT_30_PN,Death rate for pneumonia patients,0,10,0,0,,07/01/2019,06/30/2022
RI,MORT_30_STK,Death rate for stroke patients,0,7,0,2,,07/01/2019,06/30/2022
RI,PSI_03,Pressure ulcer rate,1,10,0,0,,07/01/2020,06/30/2022
RI,PSI_04,Death rate among surgical inpatients with serious treatable complications,0,3,0,8,,07/01/2020,06/30/2022
RI,PSI_06,Iatrogenic pneumothorax rate,0,11,0,0,,07/01/2020,06/30/2022
RI,PSI_08,In-hospital fall with hip fracture rate,0,11,0,0,,07/01/2020,06/30/2022
RI,PSI_09,Postoperative hemorrhage or hematoma rate,0,11,0,0,,07/01/2020,06/30/2022
RI,PSI_10,Postoperative acute kidney injury requiring dialysis rate,0,10,0,1,,07/01/2020,06/30/2022
RI,PSI_11,Postoperative respiratory failure rate,0,11,0,0,,07/01/2020,06/30/2022
RI,PSI_12,Perioperative pulmonary embolism or deep vein thrombosis rate,0,11,0,0,,07/01/2020,06/30/2022
RI,PSI_13,Postoperative sepsis rate,0,11,0,0,,07/01/2020,06/30/2022
RI,PSI_14,Postoperative wound dehiscence rate,0,11,0,0,,07/01/2020,06/30/2022
RI,PSI_15,Abdominopelvic accidental puncture or laceration rate,0,11,0,0,,07/01/2020,06/30/2022
RI,PSI_90,CMS Medicare PSI 90: Patient safety and adverse events composite,0,11,0,Not Available,,07/01/2020,06/30/2022
SC,COMP_HIP_KNEE,Rate of complications for hip/knee replacement patients,0,31,1,18,,04/01/2019,03/31/2022
SC,MORT_30_AMI,Death rate for heart attack patients,0,28,0,27,,07/01/2019,06/30/2022
SC,MORT_30_CABG,Death rate for CABG surgery patients,0,16,0,1,,07/01/2019,06/30/2022
SC,MORT_30_COPD,Death rate for COPD patients,0,47,0,11,,07/01/2019,06/30/2022
SC,MORT_30_HF,Death rate for heart failure patients,1,49,0,8,,07/01/2019,06/30/2022
SC,MORT_30_PN,Death rate for pneumonia patients,5,48,2,3,,07/01/2019,06/30/2022
SC,MORT_30_STK,Death rate for stroke patients,1,41,0,13,,07/01/2019,06/30/2022
SC,PSI_03,Pressure ulcer rate,3,51,1,1,,07/01/2020,06/30/2022
SC,PSI_04,Death rate among surgical inpatients with serious treatable complications,1,22,3,22,,07/01/2020,06/30/2022
SC,PSI_06,Iatrogenic pneumothorax rate,1,54,0,1,,07/01/2020,06/30/2022
SC,PSI_08,In-hospital fall with hip fracture rate,0,55,0,1,,07/01/2020,06/30/2022
SC,PSI_09,Postoperative hemorrhage or hematoma rate,1,51,0,2,,07/01/2020,06/30/2022
SC,PSI_10,Postoperative acute kidney injury requiring dialysis rate,0,41,0,10,,07/01/2020,06/30/2022
SC,PSI_11,Postoperative respiratory failure rate,1,40,1,9,,07/01/2020,06/30/2022
SC,PSI_12,Perioperative pulmonary embolism or deep vein thrombosis rate,2,48,2,2,,07/01/2020,06/30/2022
SC,PSI_13,Postoperative sepsis rate,1,38,0,11,,07/01/2020,06/30/2022
SC,PSI_14,Postoperative wound dehiscence rate,0,46,0,7,,07/01/2020,06/30/2022
SC,PSI_15,Abdominopelvic accidental puncture or laceration rate,0,50,0,4,,07/01/2020,06/30/2022
SC,PSI_90,CMS Medicare PSI 90: Patient safety and adverse events composite,2,49,2,Not Available,,07/01/2020,06/30/2022
SD,COMP_HIP_KNEE,Rate of complications for hip/knee replacement patients,0,13,1,4,,04/01/2019,03/31/2022
SD,MORT_30_AMI,Death rate for heart attack patients,0,6,0,36,,07/01/2019,06/30/2022
SD,MORT_30_CABG,Death rate for CABG surgery patients,0,3,0,0,,07/01/2019,06/30/2022
SD,MORT_30_COPD,Death rate for COPD patients,0,10,0,46,,07/01/2019,06/30/2022
SD,MORT_30_HF,Death rate for heart failure patients,0,17,0,40,,07/01/2019,06/30/2022
SD,MORT_30_PN,Death rate for pneumonia patients,0,25,0,32,,07/01/2019,06/30/2022
SD,MORT_30_STK,Death rate for stroke patients,0,7,0,35,,07/01/2019,06/30/2022
SD,PSI_03,Pressure ulcer rate,0,20,0,1,,07/01/2020,06/30/2022
SD,PSI_04,Death rate among surgical inpatients with serious treatable complications,0,5,0,7,,07/01/2020,06/30/2022
SD,PSI_06,Iatrogenic pneumothorax rate,0,20,0,1,,07/01/2020,06/30/2022
SD,PSI_08,In-hospital fall with hip fracture rate,0,21,0,0,,07/01/2020,06/30/2022
SD,PSI_09,Postoperative hemorrhage or hematoma rate,1,16,0,2,,07/01/2020,06/30/2022
SD,PSI_10,Postoperative acute kidney injury requiring dialysis rate,0,15,0,3,,07/01/2020,06/30/2022
SD,PSI_11,Postoperative respiratory failure rate,0,14,1,3,,07/01/2020,06/30/2022
SD,PSI_12,Perioperative pulmonary embolism or deep vein thrombosis rate,0,17,0,2,,07/01/2020,06/30/2022
SD,PSI_13,Postoperative sepsis rate,0,15,0,2,,07/01/2020,06/30/2022
SD,PSI_14,Postoperative wound dehiscence rate,0,13,0,5,,07/01/2020,06/30/2022
SD,PSI_15,Abdominopelvic accidental puncture or laceration rate,0,17,0,3,,07/01/2020,06/30/2022
SD,PSI_90,CMS Medicare PSI 90: Patient safety and adverse events composite,0,17,1,Not Available,,07/01/2020,06/30/2022
TN,COMP_HIP_KNEE,Rate of complications for hip/knee replacement patients,0,43,1,19,,04/01/2019,03/31/2022
TN,MORT_30_AMI,Death rate for heart attack patients,0,41,0,47,,07/01/2019,06/30/2022
TN,MORT_30_CABG,Death rate for CABG surgery patients,0,19,0,6,,07/01/2019,06/30/2022
TN,MORT_30_COPD,Death rate for COPD patients,2,63,1,34,,07/01/2019,06/30/2022
TN,MORT_30_HF,Death rate for heart failure patients,3,63,3,30,,07/01/2019,06/30/2022
TN,MORT_30_PN,Death rate for pneumonia patients,6,74,4,17,,07/01/2019,06/30/2022
TN,MORT_30_STK,Death rate for stroke patients,3,43,0,43,,07/01/2019,06/30/2022
TN,PSI_03,Pressure ulcer rate,2,79,2,2,,07/01/2020,06/30/2022
TN,PSI_04,Death rate among surgical inpatients with serious treatable complications,2,36,0,28,,07/01/2020,06/30/2022
TN,PSI_06,Iatrogenic pneumothorax rate,0,84,0,1,,07/01/2020,06/30/2022
TN,PSI_08,In-hospital fall with hip fracture rate,0,84,0,1,,07/01/2020,06/30/2022
TN,PSI_09,Postoperative hemorrhage or hematoma rate,3,68,1,3,,07/01/2020,06/30/2022
TN,PSI_10,Postoperative acute kidney injury requiring dialysis rate,1,54,0,14,,07/01/2020,06/30/2022
TN,PSI_11,Postoperative respiratory failure rate,2,52,2,13,,07/01/2020,06/30/2022
TN,PSI_12,Perioperative pulmonary embolism or deep vein thrombosis rate,3,68,1,3,,07/01/2020,06/30/2022
TN,PSI_13,Postoperative sepsis rate,2,49,0,17,,07/01/2020,06/30/2022
TN,PSI_14,Postoperative wound dehiscence rate,0,57,0,16,,07/01/2020,06/30/2022
TN,PSI_15,Abdominopelvic accidental puncture or laceration rate,0,75,0,2,,07/01/2020,06/30/2022
TN,PSI_90,CMS Medicare PSI 90: Patient safety and adverse events composite,2,69,2,Not Available,,07/01/2020,06/30/2022
TX,COMP_HIP_KNEE,Rate of complications for hip/knee replacement patients,1,145,1,113,,04/01/2019,03/31/2022
TX,MORT_30_AMI,Death rate for heart attack patients,1,158,0,115,,07/01/2019,06/30/2022
TX,MORT_30_CABG,Death rate for CABG surgery patients,2,81,0,28,,07/01/2019,06/30/2022
TX,MORT_30_COPD,Death rate for COPD patients,0,161,2,174,,07/01/2019,06/30/2022
TX,MORT_30_HF,Death rate for heart failure patients,3,187,21,134,,07/01/2019,06/30/2022
TX,MORT_30_PN,Death rate for pneumonia patients,4,233,16,104,,07/01/2019,06/30/2022
TX,MORT_30_STK,Death rate for stroke patients,3,142,4,139,,07/01/2019,06/30/2022
TX,PSI_03,Pressure ulcer rate,11,262,9,19,,07/01/2020,06/30/2022
TX,PSI_04,Death rate among surgical inpatients with serious treatable complications,1,115,8,87,,07/01/2020,06/30/2022
TX,PSI_06,Iatrogenic pneumothorax rate,0,291,0,10,,07/01/2020,06/30/2022
TX,PSI_08,In-hospital fall with hip fracture rate,0,291,0,10,,07/01/2020,06/30/2022
TX,PSI_09,Postoperative hemorrhage or hematoma rate,3,254,2,13,,07/01/2020,06/30/2022
TX,PSI_10,Postoperative acute kidney injury requiring dialysis rate,3,218,1,33,,07/01/2020,06/30/2022
TX,PSI_11,Postoperative respiratory failure rate,11,211,2,31,,07/01/2020,06/30/2022
TX,PSI_12,Perioperative pulmonary embolism or deep vein thrombosis rate,2,254,3,14,,07/01/2020,06/30/2022
TX,PSI_13,Postoperative sepsis rate,1,215,0,36,,07/01/2020,06/30/2022
TX,PSI_14,Postoperative wound dehiscence rate,1,213,0,48,,07/01/2020,06/30/2022
TX,PSI_15,Abdominopelvic accidental puncture or laceration rate,1,248,0,30,,07/01/2020,06/30/2022
TX,PSI_90,CMS Medicare PSI 90: Patient safety and adverse events composite,8,251,7,Not Available,,07/01/2020,06/30/2022
UT,COMP_HIP_KNEE,Rate of complications for hip/knee replacement patients,0,26,0,11,,04/01/2019,03/31/2022
UT,MORT_30_AMI,Death rate for heart attack patients,0,11,2,18,,07/01/2019,06/30/2022
UT,MORT_30_CABG,Death rate for CABG surgery patients,0,7,0,2,,07/01/2019,06/30/2022
UT,MORT_30_COPD,Death rate for COPD patients,0,7,0,36,,07/01/2019,06/30/2022
UT,MORT_30_HF,Death rate for heart failure patients,0,23,1,21,,07/01/2019,06/30/2022
UT,MORT_30_PN,Death rate for pneumonia patients,0,32,0,13,,07/01/2019,06/30/2022
UT,MORT_30_STK,Death rate for stroke patients,0,10,0,31,,07/01/2019,06/30/2022
UT,PSI_03,Pressure ulcer rate,1,32,0,1,,07/01/2020,06/30/2022
UT,PSI_04,Death rate among surgical inpatients with serious treatable complications,0,9,0,15,,07/01/2020,06/30/2022
UT,PSI_06,Iatrogenic pneumothorax rate,0,33,0,1,,07/01/2020,06/30/2022
UT,PSI_08,In-hospital fall with hip fracture rate,0,33,0,1,,07/01/2020,06/30/2022
UT,PSI_09,Postoperative hemorrhage or hematoma rate,0,31,0,3,,07/01/2020,06/30/2022
UT,PSI_10,Postoperative acute kidney injury requiring dialysis rate,0,28,0,5,,07/01/2020,06/30/2022
UT,PSI_11,Postoperative respiratory failure rate,0,27,1,5,,07/01/2020,06/30/2022
UT,PSI_12,Perioperative pulmonary embolism or deep vein thrombosis rate,0,31,0,3,,07/01/2020,06/30/2022
UT,PSI_13,Postoperative sepsis rate,0,28,0,5,,07/01/2020,06/30/2022
UT,PSI_14,Postoperative wound dehiscence rate,0,25,0,7,,07/01/2020,06/30/2022
UT,PSI_15,Abdominopelvic accidental puncture or laceration rate,0,28,0,6,,07/01/2020,06/30/2022
UT,PSI_90,CMS Medicare PSI 90: Patient safety and adverse events composite,1,31,1,Not Available,,07/01/2020,06/30/2022
VA,COMP_HIP_KNEE,Rate of complications for hip/knee replacement patients,0,48,1,20,,04/01/2019,03/31/2022
VA,MORT_30_AMI,Death rate for heart attack patients,0,54,0,27,,07/01/2019,06/30/2022
VA,MORT_30_CABG,Death rate for CABG surgery patients,1,17,0,5,,07/01/2019,06/30/2022
VA,MORT_30_COPD,Death rate for COPD patients,0,71,0,11,,07/01/2019,06/30/2022
VA,MORT_30_HF,Death rate for heart failure patients,3,71,5,3,,07/01/2019,06/30/2022
VA,MORT_30_PN,Death rate for pneumonia patients,3,74,3,3,,07/01/2019,06/30/2022
VA,MORT_30_STK,Death rate for stroke patients,2,53,3,20,,07/01/2019,06/30/2022
VA,PSI_03,Pressure ulcer rate,4,67,4,1,,07/01/2020,06/30/2022
VA,PSI_04,Death rate among surgical inpatients with serious treatable complications,3,34,4,24,,07/01/2020,06/30/2022
VA,PSI_06,Iatrogenic pneumothorax rate,0,75,0,1,,07/01/2020,06/30/2022
VA,PSI_08,In-hospital fall with hip fracture rate,0,75,0,1,,07/01/2020,06/30/2022
VA,PSI_09,Postoperative hemorrhage or hematoma rate,1,69,0,4,,07/01/2020,06/30/2022
VA,PSI_10,Postoperative acute kidney injury requiring dialysis rate,0,61,0,9,,07/01/2020,06/30/2022
VA,PSI_11,Postoperative respiratory failure rate,6,52,2,10,,07/01/2020,06/30/2022
VA,PSI_12,Perioperative pulmonary embolism or deep vein thrombosis rate,2,67,1,4,,07/01/2020,06/30/2022
VA,PSI_13,Postoperative sepsis rate,0,59,0,11,,07/01/2020,06/30/2022
VA,PSI_14,Postoperative wound dehiscence rate,1,66,0,4,,07/01/2020,06/30/2022
VA,PSI_15,Abdominopelvic accidental puncture or laceration rate,2,68,0,3,,07/01/2020,06/30/2022
VA,PSI_90,CMS Medicare PSI 90: Patient safety and adverse events composite,3,65,3,Not Available,,07/01/2020,06/30/2022
VI,COMP_HIP_KNEE,Rate of complications for hip/knee replacement patients,Not Available,Not Available,Not Available,Not Available,5,04/01/2019,03/31/2022
VI,MORT_30_AMI,Death rate for heart attack patients,Not Available,Not Available,Not Available,Not Available,5,07/01/2019,06/30/2022
VI,MORT_30_CABG,Death rate for CABG surgery patients,Not Available,Not Available,Not Available,Not Available,5,07/01/2019,06/30/2022
VI,MORT_30_COPD,Death rate for COPD patients,Not Available,Not Available,Not Available,Not Available,5,07/01/2019,06/30/2022
VI,MORT_30_HF,Death rate for heart failure patients,Not Available,Not Available,Not Available,Not Available,5,07/01/2019,06/30/2022
VI,MORT_30_PN,Death rate for pneumonia patients,Not Available,Not Available,Not Available,Not Available,5,07/01/2019,06/30/2022
VI,MORT_30_STK,Death rate for stroke patients,Not Available,Not Available,Not Available,Not Available,5,07/01/2019,06/30/2022
VI,PSI_03,Pressure ulcer rate,Not Available,Not Available,Not Available,Not Available,5,07/01/2020,06/30/2022
VI,PSI_04,Death rate among surgical inpatients with serious treatable complications,Not Available,Not Available,Not Available,Not Available,5,07/01/2020,06/30/2022
VI,PSI_06,Iatrogenic pneumothorax rate,Not Available,Not Available,Not Available,Not Available,5,07/01/2020,06/30/2022
VI,PSI_08,In-hospital fall with hip fracture rate,Not Available,Not Available,Not Available,Not Available,5,07/01/2020,06/30/2022
VI,PSI_09,Postoperative hemorrhage or hematoma rate,Not Available,Not Available,Not Available,Not Available,5,07/01/2020,06/30/2022
VI,PSI_10,Postoperative acute kidney injury requiring dialysis rate,Not Available,Not Available,Not Available,Not Available,5,07/01/2020,06/30/2022
VI,PSI_11,Postoperative respiratory failure rate,Not Available,Not Available,Not Available,Not Available,5,07/01/2020,06/30/2022
VI,PSI_12,Perioperative pulmonary embolism or deep vein thrombosis rate,Not Available,Not Available,Not Available,Not Available,5,07/01/2020,06/30/2022
VI,PSI_13,Postoperative sepsis rate,Not Available,Not Available,Not Available,Not Available,5,07/01/2020,06/30/2022
VI,PSI_14,Postoperative wound dehiscence rate,Not Available,Not Available,Not Available,Not Available,5,07/01/2020,06/30/2022
VI,PSI_15,Abdominopelvic accidental puncture or laceration rate,Not Available,Not Available,Not Available,Not Available,5,07/01/2020,06/30/2022
VI,PSI_90,CMS Medicare PSI 90: Patient safety and adverse events composite,Not Available,Not Available,Not Available,Not Available,5,07/01/2020,06/30/2022
VT,COMP_HIP_KNEE,Rate of complications for hip/knee replacement patients,0,12,0,1,,04/01/2019,03/31/2022
VT,MORT_30_AMI,Death rate for heart attack patients,0,9,0,6,,07/01/2019,06/30/2022
VT,MORT_30_CABG,Death rate for CABG surgery patients,0,1,0,0,,07/01/2019,06/30/2022
VT,MORT_30_COPD,Death rate for COPD patients,0,12,0,3,,07/01/2019,06/30/2022
VT,MORT_30_HF,Death rate for heart failure patients,1,13,0,1,,07/01/2019,06/30/2022
VT,MORT_30_PN,Death rate for pneumonia patients,1,12,1,1,,07/01/2019,06/30/2022
VT,MORT_30_STK,Death rate for stroke patients,0,10,0,4,,07/01/2019,06/30/2022
VT,PSI_03,Pressure ulcer rate,3,4,0,0,,07/01/2020,06/30/2022
VT,PSI_04,Death rate among surgical inpatients with serious treatable complications,1,1,0,5,,07/01/2020,06/30/2022
VT,PSI_06,Iatrogenic pneumothorax rate,0,7,0,0,,07/01/2020,06/30/2022
VT,PSI_08,In-hospital fall with hip fracture rate,0,7,0,0,,07/01/2020,06/30/2022
VT,PSI_09,Postoperative hemorrhage or hematoma rate,1,6,0,0,,07/01/2020,06/30/2022
VT,PSI_10,Postoperative acute kidney injury requiring dialysis rate,0,7,0,0,,07/01/2020,06/30/2022
VT,PSI_11,Postoperative respiratory failure rate,0,7,0,0,,07/01/2020,06/30/2022
VT,PSI_12,Perioperative pulmonary embolism or deep vein thrombosis rate,0,7,0,0,,07/01/2020,06/30/2022
VT,PSI_13,Postoperative sepsis rate,0,7,0,0,,07/01/2020,06/30/2022
VT,PSI_14,Postoperative wound dehiscence rate,0,7,0,0,,07/01/2020,06/30/2022
VT,PSI_15,Abdominopelvic accidental puncture or laceration rate,1,6,0,0,,07/01/2020,06/30/2022
VT,PSI_90,CMS Medicare PSI 90: Patient safety and adverse events composite,1,6,0,Not Available,,07/01/2020,06/30/2022
WA,COMP_HIP_KNEE,Rate of complications for hip/knee replacement patients,0,41,2,20,,04/01/2019,03/31/2022
WA,MORT_30_AMI,Death rate for heart attack patients,1,38,0,39,,07/01/2019,06/30/2022
WA,MORT_30_CABG,Death rate for CABG surgery patients,0,15,0,1,,07/01/2019,06/30/2022
WA,MORT_30_COPD,Death rate for COPD patients,1,46,0,40,,07/01/2019,06/30/2022
WA,MORT_30_HF,Death rate for heart failure patients,6,51,1,29,,07/01/2019,06/30/2022
WA,MORT_30_PN,Death rate for pneumonia patients,3,59,3,25,,07/01/2019,06/30/2022
WA,MORT_30_STK,Death rate for stroke patients,0,45,1,39,,07/01/2019,06/30/2022
WA,PSI_03,Pressure ulcer rate,3,43,2,1,,07/01/2020,06/30/2022
WA,PSI_04,Death rate among surgical inpatients with serious treatable complications,2,29,0,13,,07/01/2020,06/30/2022
WA,PSI_06,Iatrogenic pneumothorax rate,0,48,0,1,,07/01/2020,06/30/2022
WA,PSI_08,In-hospital fall with hip fracture rate,0,48,0,1,,07/01/2020,06/30/2022
WA,PSI_09,Postoperative hemorrhage or hematoma rate,1,45,0,3,,07/01/2020,06/30/2022
WA,PSI_10,Postoperative acute kidney injury requiring dialysis rate,1,44,0,2,,07/01/2020,06/30/2022
WA,PSI_11,Postoperative respiratory failure rate,1,44,0,2,,07/01/2020,06/30/2022
WA,PSI_12,Perioperative pulmonary embolism or deep vein thrombosis rate,1,45,0,3,,07/01/2020,06/30/2022
WA,PSI_13,Postoperative sepsis rate,0,44,0,3,,07/01/2020,06/30/2022
WA,PSI_14,Postoperative wound dehiscence rate,0,43,0,3,,07/01/2020,06/30/2022
WA,PSI_15,Abdominopelvic accidental puncture or laceration rate,1,45,0,1,,07/01/2020,06/30/2022
WA,PSI_90,CMS Medicare PSI 90: Patient safety and adverse events composite,1,42,3,Not Available,,07/01/2020,06/30/2022
WI,COMP_HIP_KNEE,Rate of complications for hip/knee replacement patients,0,57,0,46,,04/01/2019,03/31/2022
WI,MORT_30_AMI,Death rate for heart attack patients,0,39,1,72,,07/01/2019,06/30/2022
WI,MORT_30_CABG,Death rate for CABG surgery patients,0,20,0,8,,07/01/2019,06/30/2022
WI,MORT_30_COPD,Death rate for COPD patients,0,60,0,65,,07/01/2019,06/30/2022
WI,MORT_30_HF,Death rate for heart failure patients,4,83,3,34,,07/01/2019,06/30/2022
WI,MORT_30_PN,Death rate for pneumonia patients,1,86,3,35,,07/01/2019,06/30/2022
WI,MORT_30_STK,Death rate for stroke patients,0,49,0,66,,07/01/2019,06/30/2022
WI,PSI_03,Pressure ulcer rate,6,64,0,0,,07/01/2020,06/30/2022
WI,PSI_04,Death rate among surgical inpatients with serious treatable complications,0,31,1,28,,07/01/2020,06/30/2022
WI,PSI_06,Iatrogenic pneumothorax rate,0,70,0,0,,07/01/2020,06/30/2022
WI,PSI_08,In-hospital fall with hip fracture rate,0,70,0,0,,07/01/2020,06/30/2022
WI,PSI_09,Postoperative hemorrhage or hematoma rate,5,62,0,0,,07/01/2020,06/30/2022
WI,PSI_10,Postoperative acute kidney injury requiring dialysis rate,0,63,0,4,,07/01/2020,06/30/2022
WI,PSI_11,Postoperative respiratory failure rate,1,61,1,3,,07/01/2020,06/30/2022
WI,PSI_12,Perioperative pulmonary embolism or deep vein thrombosis rate,1,66,0,0,,07/01/2020,06/30/2022
WI,PSI_13,Postoperative sepsis rate,0,60,1,6,,07/01/2020,06/30/2022
WI,PSI_14,Postoperative wound dehiscence rate,0,60,0,7,,07/01/2020,06/30/2022
WI,PSI_15,Abdominopelvic accidental puncture or laceration rate,2,64,0,1,,07/01/2020,06/30/2022
WI,PSI_90,CMS Medicare PSI 90: Patient safety and adverse events composite,1,65,1,Not Available,,07/01/2020,06/30/2022
WV,COMP_HIP_KNEE,Rate of complications for hip/knee replacement patients,0,20,0,14,,04/01/2019,03/31/2022
WV,MORT_30_AMI,Death rate for heart attack patients,0,18,0,31,,07/01/2019,06/30/2022
WV,MORT_30_CABG,Death rate for CABG surgery patients,0,6,0,0,,07/01/2019,06/30/2022
WV,MORT_30_COPD,Death rate for COPD patients,0,32,0,19,,07/01/2019,06/30/2022
WV,MORT_30_HF,Death rate for heart failure patients,0,32,0,20,,07/01/2019,06/30/2022
WV,MORT_30_PN,Death rate for pneumonia patients,3,36,0,13,,07/01/2019,06/30/2022
WV,MORT_30_STK,Death rate for stroke patients,2,16,0,27,,07/01/2019,06/30/2022
WV,PSI_03,Pressure ulcer rate,4,24,0,2,,07/01/2020,06/30/2022
WV,PSI_04,Death rate among surgical inpatients with serious treatable complications,1,13,0,10,,07/01/2020,06/30/2022
WV,PSI_06,Iatrogenic pneumothorax rate,0,28,0,2,,07/01/2020,06/30/2022
WV,PSI_08,In-hospital fall with hip fracture rate,0,28,0,2,,07/01/2020,06/30/2022
WV,PSI_09,Postoperative hemorrhage or hematoma rate,0,25,0,3,,07/01/2020,06/30/2022
WV,PSI_10,Postoperative acute kidney injury requiring dialysis rate,1,21,0,4,,07/01/2020,06/30/2022
WV,PSI_11,Postoperative respiratory failure rate,1,21,1,3,,07/01/2020,06/30/2022
WV,PSI_12,Perioperative pulmonary embolism or deep vein thrombosis rate,0,25,0,4,,07/01/2020,06/30/2022
WV,PSI_13,Postoperative sepsis rate,0,21,0,3,,07/01/2020,06/30/2022
WV,PSI_14,Postoperative wound dehiscence rate,0,21,0,5,,07/01/2020,06/30/2022
WV,PSI_15,Abdominopelvic accidental puncture or laceration rate,0,24,0,2,,07/01/2020,06/30/2022
WV,PSI_90,CMS Medicare PSI 90: Patient safety and adverse events composite,4,22,0,Not Available,,07/01/2020,06/30/2022
WY,COMP_HIP_KNEE,Rate of complications for hip/knee replacement patients,0,11,0,9,,04/01/2019,03/31/2022
WY,MORT_30_AMI,Death rate for heart attack patients,0,4,0,13,,07/01/2019,06/30/2022
WY,MORT_30_CABG,Death rate for CABG surgery patients,0,1,0,1,,07/01/2019,06/30/2022
WY,MORT_30_COPD,Death rate for COPD patients,0,9,0,19,,07/01/2019,06/30/2022
WY,MORT_30_HF,Death rate for heart failure patients,1,15,0,11,,07/01/2019,06/30/2022
WY,MORT_30_PN,Death rate for pneumonia patients,0,20,0,8,,07/01/2019,06/30/2022
WY,MORT_30_STK,Death rate for stroke patients,0,6,0,18,,07/01/2019,06/30/2022
WY,PSI_03,Pressure ulcer rate,0,12,0,0,,07/01/2020,06/30/2022
WY,PSI_04,Death rate among surgical inpatients with serious treatable complications,0,2,0,6,,07/01/2020,06/30/2022
WY,PSI_06,Iatrogenic pneumothorax rate,0,12,0,0,,07/01/2020,06/30/2022
WY,PSI_08,In-hospital fall with hip fracture rate,0,12,0,0,,07/01/2020,06/30/2022
WY,PSI_09,Postoperative hemorrhage or hematoma rate,0,11,0,0,,07/01/2020,06/30/2022
WY,PSI_10,Postoperative acute kidney injury requiring dialysis rate,0,9,0,2,,07/01/2020,06/30/2022
WY,PSI_11,Postoperative respiratory failure rate,1,8,0,2,,07/01/2020,06/30/2022
WY,PSI_12,Perioperative pulmonary embolism or deep vein thrombosis rate,0,11,0,0,,07/01/2020,06/30/2022
WY,PSI_13,Postoperative sepsis rate,0,9,0,2,,07/01/2020,06/30/2022
WY,PSI_14,Postoperative wound dehiscence rate,0,9,0,1,,07/01/2020,06/30/2022
WY,PSI_15,Abdominopelvic accidental puncture or laceration rate,0,10,0,1,,07/01/2020,06/30/2022
WY,PSI_90,CMS Medicare PSI 90: Patient safety and adverse events composite,0,11,0,Not Available,,07/01/2020,06/30/2022
