"Facility ID","Facility Name","Address","City/Town","State","ZIP Code","County/Parish","Telephone Number","Patients who reported that staff definitely gave care in a professional way and the facility was clean","Patients who reported that staff somewhat gave care in a professional way or the facility was somewhat clean","Patients who reported that staff did not give care in a professional way or the facility was not clean","Facilities and staff linear mean score","Patients who reported that staff definitely communicated about what to expect during and after the procedure","Patients who reported that staff somewhat communicated about what to expect during and after the procedure","Patients who reported that staff did not communicate about what to expect during and after the procedure","Communication about your procedure linear mean score","Patients who gave the facility a rating of 9 or 10 on a scale from 0 (lowest) to 10 (highest)","Patients who gave the facility a rating of 7 or 8 on a scale from 0 (lowest) to 10 (highest)","Patients who gave the facility a rating of 0 to 6 on a scale from 0 (lowest) to 10 (highest)","Patients' rating of the facility linear mean score","Patients who reported YES they would DEFINITELY recommend the facility to family or friends","Patients who reported PROBABLY YES they would recommend the facility to family or friends","Patients who reported NO, they would not recommend the facility to family or friends","Patients recommending the facility linear mean score","Footnote","Number of Sampled Patients","Number of Completed Surveys","Survey Response Rate Percent","Start Date","End Date"
01C0001020,MEDPLEX OUTPATIENT SURGERY CENTER LTD,4511 SOUTHLAKE PARKWAY,BIRMINGHAM,AL,35244,,(205) 985-4398,97,3,0,98,93,6,1,96,89,10,1,95,89,10,1,96,,1315,371,28,07/01/2022,06/30/2023
01C0001042,GULF COAST SURGICAL PARTNERS LLC,"3715 DAUPHIN ST, STE. 503B",MOBILE,AL,36608,,(251) 272-4934,97,2,1,98,92,7,1,95,90,8,2,96,91,7,2,96,,1512,371,25,07/01/2022,06/30/2023
01C0001051,ALABAMA DIGESTIVE HEALTH ENDOSCOPY CENTER LLC,2010 BROOKWOOD MEDICAL CTR DR  G100,BIRMINGHAM,AL,35209,,(205) 877-1187,97,3,0,98,93,5,2,95,87,11,2,94,89,10,1,96,,1648,410,25,07/01/2022,06/30/2023
01C0001053,JACKSON SURGERY CENTER LLC,1725 PARK PL,MONTGOMERY,AL,36106,,(334) 293-3920,,,,,,,,,,,,,,,,,4,,,,,
03C0001016,SURGERY CENTER OF PEORIA,13260 NORTH 94TH DR SUITE 200,PEORIA,AZ,85381,,(623) 234-4307,98,2,0,99,93,6,1,96,92,6,2,96,88,10,2,96,,1476,384,26,07/01/2022,06/30/2023
03C0001052,CENTER FOR ADVANCED SURGERY,3367 SOUTH MERCY RD SUITE 101,GILBERT,AZ,85297,,(480) 899-2571,98,2,0,99,93,6,1,96,93,6,1,96,91,8,1,97,,1119,306,27,07/01/2022,06/30/2023
03C0001056,PHYSICIANS SURGERY CENTER OF TEMPE LLC DBA PHYSICIANS SURGERY CENTER OF TEMPE,2905 WEST WARNER RD SUITE 10,CHANDLER,AZ,85282,,(480) 820-7101,98,2,0,99,89,8,3,93,91,7,2,95,90,10,0,96,,1058,246,23,07/01/2022,06/30/2023
03C0001247,SURGERY CENTER OF SCOTTSDALE LLC DBA MOUNTAIN VIEW SURGERY CENTER OF SCOTTSDALE,8962 EAST DESERT COVE AVE SUITE 120A,SCOTTSDALE,AZ,85260,,(480) 661-5232,99,1,0,99,94,5,1,97,96,3,1,97,92,7,1,97,,441,138,31,07/01/2022,06/30/2023
03C0001249,SCOTTSDALE ENDOSCOPY CENTER,9787 NORTH 91ST ST SUITE 103,SCOTTSDALE,AZ,85258,,(480) 657-0889,,,,,,,,,,,,,,,,,4,,,,,
03C0001259,ARIZONA GASTROENTEROLOGY LTD,"7566 N. LA CHOLLA BLVD., STE. B",TUCSON,AZ,85741,,(520) 547-5847,94,5,1,97,88,10,2,93,82,15,3,93,78,19,3,92,,1304,447,34,07/01/2022,06/30/2023
03C0001265,ST JOSEPH'S OUTPATIENT SURGERY CENTER LLC,240 W. THOMAS RD,PHOENIX,AZ,85013,,(602) 406-3552,95,5,0,97,88,9,3,92,82,15,3,93,79,18,3,91,,1234,201,16,07/01/2022,06/30/2023
03C0001279,CHANDLER ENDOSCOPY AMBULATORY SURGERY CENTER LLC DBA CHANDLER ENDOSCOPY CENTER,2095 WEST PECOS RD SUITE A1,CHANDLER,AZ,85224,,(480) 292-9795,99,1,0,99,93,6,1,96,93,6,1,96,91,8,1,96,,1236,318,26,07/01/2022,06/30/2023
03C0001289,CARONDELET ST MARYS NORTHWEST LLC DBA CARONDELET FOOTHILLS SURGERY CENTER,2220 WEST ORANGE GROVE RD,TUCSON,AZ,85741,,(520) 877-5665,97,2,1,98,92,6,2,95,87,11,2,94,84,14,2,94,,990,305,31,07/01/2022,06/30/2023
03C0001290,CAMP LOWELL SURGERY CENTER LLC DBA CAMP LOWELL SURGERY CENTER,4620 EAST CAMP LOWELL DR,TUCSON,AZ,85712,,(520) 618-6058,96,4,0,98,92,7,1,95,88,10,2,95,88,11,1,95,,900,358,40,07/01/2022,06/30/2023
03C0001298,SURGICAL ELITE OF AVONDALE,10815 WEST MCDOWELL RD SUITE 101,AVONDALE,AZ,85392,,(623) 433-0192,98,2,0,99,93,6,1,96,91,8,1,96,87,12,1,95,,1304,252,19,07/01/2022,06/30/2023
03C0001299,THE ORTHOPEDIC SURGERY CENTER OF ARIZONA,2262 EAST ROSE GARDEN LANE,PHOENIX,AZ,85024,,(602) 424-4408,,,,,,,,,,,,,,,,,4,,,,,
03C0001302,PINNACLE SURGERY CENTER OF PEORIA LLC,6790 W. THUNDERBIRD RD.,PEORIA,AZ,85381,,(623) 979-1717,97,2,1,98,88,10,2,93,87,9,4,94,83,16,1,93,,1400,327,23,07/01/2022,06/30/2023
03C0001305,DESERT RIDGE OUTPATIENT SURGERY CENTER,20940 NORTH TATUM BLVD SUITE 100,PHOENIX,AZ,85050,,(480) 502-4000,97,3,0,98,91,7,2,95,89,9,2,96,89,10,1,96,,1532,489,32,07/01/2022,06/30/2023
03C0001313,SOUTHWEST ENDOSCOPY AND SURGICENTER LLC,"2223 E. BASELINE RD, STE. B",GILBERT,AZ,85234,,(480) 289-5266,95,5,0,97,90,7,3,94,88,10,2,95,85,13,2,94,,1776,476,27,07/01/2022,06/30/2023
03C0001347,SURGCENTER AT PARADISE VALLEY LLC DBA SURGCENTER AT PIMA CROSSING,8415 NORTH PIMA RD SUITE 190,SCOTTSDALE,AZ,85258,,(480) 800-3206,95,4,1,97,92,6,2,95,84,13,3,93,83,15,2,93,,1180,313,27,07/01/2022,06/30/2023
03C0001352,SURGCENTER OF DEER VALLEY LLC,19820 NORTH 7TH ST SUITE 190,PHOENIX,AZ,85024,,(602) 904-7039,96,4,0,98,86,11,3,92,82,15,3,93,77,21,2,92,2,1364,372,28,07/01/2022,06/30/2023
03C0001356,SURGERY CENTER OF SCOTTSDALE LLC DBA MOUNTAIN VIEW SURGERY CENTER OF GLENDALE,18555 NORTH 79TH AVE BUILDING C,GLENDALE,AZ,85308,,(623) 776-2500,98,2,0,99,94,5,1,97,94,4,2,96,90,7,3,95,,671,151,23,07/01/2022,06/30/2023
03C0001357,SURGERY CENTER OF SCOTTSDALE LLC DBA MOUNTAIN VIEW SURGERY CENTER OF GILBERT,2450 EAST GUADALUPE RD SUITE 101,GILBERT,AZ,85234,,(480) 398-8456,98,2,0,99,95,4,1,97,88,11,1,96,88,10,2,95,,667,194,29,07/01/2022,06/30/2023
03C0001359,SURGCENTER TUCSON LLC,3935 E. FT. LOWELL RD,TUCSON,AZ,85712,,(520) 396-4420,97,3,0,98,87,10,3,92,83,14,3,93,80,17,3,92,,1400,612,44,07/01/2022,06/30/2023
03C0001361,SURGCENTER CAMELBACK,6245 NORTH 24TH PARKWAY SUITE 112,PHOENIX,AZ,85016,,(602) 682-7005,99,1,0,99,92,7,1,96,93,6,1,97,88,10,2,95,,1164,378,32,07/01/2022,06/30/2023
03C0001395,ORTHOARIZONA SURGERY CENTER GILBERT,1675 EAST MELROSE ST SUITE 201,GILBERT,AZ,85297,,(480) 519-8100,98,2,0,99,95,4,1,97,94,5,1,97,93,6,1,97,,1502,517,34,07/01/2022,06/30/2023
03C0001414,WESTGATE SURGERY CENTER,7730 NORTH 99TH AVE SUITE 100,GLENDALE,AZ,85307,,(623) 888-5500,98,2,0,99,92,7,1,95,92,7,1,96,88,11,1,95,,1252,286,23,07/01/2022,06/30/2023
03C0001434,UROLOGY ASC PHOENIX DBA UROLOGIC SURGERY CENTER OF ARIZONA,1313 EAST OSBORD ROAD SUITE 170B,PHOENIX,AZ,85014,,(410) 581-1600,,,,,,,,,,,,,,,,,4,,,,,
03C0001456,UROLOGY ASC PHOENIX LLC DBA UROLOGIC SURGERY CENTER OF ARIZONA,17300 NORTH PERIMETER DRIVE SUITE 200,SCOTTSDALE,AZ,85255,,(480) 661-2662,,,,,,,,,,,,,,,,,4,,,,,
05C0001006,SAN GABRIEL VALLEY SURGICAL CENTER LP,1250 SOUTH SUNSET AVE SUITE 100,WEST COVINA,CA,91790,,(626) 960-6623,96,3,1,98,86,9,5,90,80,16,4,93,81,16,3,92,,686,231,34,07/01/2022,06/30/2023
05C0001174,MISSION AMBULATORY SURGICENTER,26730 CROWN VALLEY PARKWAY SUITE 100,MISSION VIEJO,CA,92691,,(949) 364-2201,96,3,1,98,86,10,4,91,82,15,3,93,83,15,2,93,,1566,436,28,07/01/2022,06/30/2023
05C0001198,HEALTHCARE PARTNER AMBULATORY SURGERY CENTER,"2600 REDONDO AVE, SUITE 103",LONG BEACH,CA,90806,,(562) 988-7162,94,6,0,97,84,11,5,89,81,16,3,92,75,21,4,90,,1032,248,24,07/01/2022,06/30/2023
05C0001321,EL MIRADOR SURGICAL CENTER,1180 N. INDIAN CANYON #110,PALM SPRINGS,CA,92262,,(469) 893-6573,94,5,1,97,86,11,3,92,85,12,3,94,87,10,3,95,,1310,406,31,07/01/2022,06/30/2023
05C0001447,COAST SURGERY CENTER LP,3445 PACIFIC COAST HWY SUITE 110,TORRANCE,CA,90505,,(310) 325-4555,97,3,0,98,91,8,1,95,87,11,2,95,86,12,2,94,,1574,383,24,07/01/2022,06/30/2023
05C0001481,PAIN DIAGNOSTIC & TREATMENT CENTER,2805 J ST SUITE 200,SACRAMENTO,CA,95816,,(916) 231-8755,97,3,0,98,91,8,1,95,87,12,1,95,86,13,1,95,,1769,556,31,07/01/2022,06/30/2023
05C0001493,NORTH STATE SURGERY CENTERS LP DBA CT ST SURGERY CENTER,2184 CT ST,REDDING,CA,96001,,(530) 225-7417,98,2,0,99,92,7,1,95,91,7,2,96,91,7,2,96,,1020,351,34,07/01/2022,06/30/2023
05C0001505,MAGNOLIA SURGERY CENTER,14571 MAGNOLIA ST # 107,WESTMINSTER,CA,92683,,(714) 903-1390,95,4,1,97,90,7,3,94,73,24,3,91,70,24,6,86,,1006,188,19,07/01/2022,06/30/2023
05C0001508,AMBULATORY SURGERY CENTER OF STOCKTON,2388 N. CALIFORNIA ST.,STOCKTON,CA,95204,,(209) 944-9100,95,4,1,97,91,7,2,95,88,10,2,95,89,9,2,95,,991,360,36,07/01/2022,06/30/2023
05C0001529,SANTA BARBARA SURGERY CENTER,3045 DE LA VINA ST,SANTA BARBARA,CA,93105,,(805) 569-3226,97,2,1,98,90,7,3,93,89,9,2,95,90,9,1,96,,959,359,37,07/01/2022,06/30/2023
05C0001534,FOLSOM OUTPATIENT SURGERY CENTER LP DBA FOLSOM SURGERY CENTER,1651 CREEKSIDE DR SUITE 100,FOLSOM,CA,95630,,(916) 673-1990,98,2,0,99,93,6,1,96,93,6,1,96,91,7,2,96,,887,275,31,07/01/2022,06/30/2023
05C0001552,SIERRA PACIFIC SURGERY CENTER LP,1630 E. HERNDON AVE. #150,FRESNO,CA,93720,,(559) 256-1631,98,2,0,99,92,7,1,95,92,8,0,96,90,10,0,96,,1490,451,30,07/01/2022,06/30/2023
05C0001558,PACIFIC ENDO-SURGICAL CENTER LP,3445 PACIFIC COAST HWY SUITE 120,TORRANCE,CA,90505,,(310) 326-1666,98,2,0,99,90,8,2,94,87,12,1,94,84,15,1,94,,1171,308,26,07/01/2022,06/30/2023
05C0001571,UNIVERSITY SURGERY CENTER,1390 E. YOSEMITE AVE. STE. B,MERCED,CA,95340,,(209) 580-3409,97,3,0,99,87,10,3,92,89,9,2,94,87,10,3,94,,1697,354,21,07/01/2022,06/30/2023
05C0001572,ROSEVILLE SURGERY CENTER,1420 ROSEVILLE PARKWAY SUITE 100,ROSEVILLE,CA,95661,,(916) 677-2488,95,4,1,97,91,7,2,95,81,15,4,92,78,18,4,91,,1744,551,32,07/01/2022,06/30/2023
05C0001596,TRESANTI SURGICAL CENTER LLC,"5201 NORRIS CANYON RD., # 100",SAN RAMON,CA,94583,,(925) 973-0605,98,2,0,99,94,5,1,96,94,6,0,97,92,7,1,97,,986,307,31,07/01/2022,06/30/2023
05C0001604,PROCEDURE CENTER OF SOUTH SACRAMENTO INC,"8120 TIMBERLAKE WAY, STE. 103",SACRAMENTO,CA,95823,,(916) 681-2350,97,3,0,98,91,8,1,95,85,13,2,94,85,13,2,94,,1911,449,23,07/01/2022,06/30/2023
05C0001643,NORTH STATE SURGERY CENTERS DBA MERCY SURGERY CENTER,2175 ROSALINE AVE SUITE A,REDDING,CA,96001,,(530) 245-4845,98,2,0,99,90,9,1,95,89,10,1,95,90,9,1,96,,966,316,33,07/01/2022,06/30/2023
05C0001711,ST JOSEPH'S SURGERY CENTER,1800 NORTH CALIFORNIA ST SUITE 1,STOCKTON,CA,95204,,(209) 467-6316,97,3,0,98,90,8,2,94,83,15,2,94,82,17,1,93,,995,260,26,07/01/2022,06/30/2023
05C0001719,SCRIPPS HEALTH,10010 CAMPUS POINT DR,SAN DIEGO,CA,92121,,(619) 743-5565,99,1,0,99,94,5,1,97,93,6,1,97,92,7,1,97,,3604,1152,32,07/01/2022,06/30/2023
05C0001750,REAGAN ST SURGERY CENTER,10904 REAGAN ST,LOS ALAMITOS,CA,90720,,(562) 596-3140,97,3,0,98,89,9,2,93,91,8,1,96,85,13,2,94,,1082,305,28,07/01/2022,06/30/2023
05C0001756,ENCINITAS ENDOSCOPY CENTER LLC,"700 GARDEN VIEW CRT, STE. 101",ENCINITAS,CA,92024,,(760) 274-2700,97,3,0,98,88,9,3,93,85,12,3,93,85,12,3,93,,1027,263,26,07/01/2022,06/30/2023
05C0001757,GRASS VALLEY SURGERY CENTER,408 SIERRA COLLEGE DR,GRASS VALLEY,CA,95945,,(530) 271-2282,98,2,0,99,94,5,1,97,90,9,1,96,91,7,2,96,,1104,448,41,07/01/2022,06/30/2023
05C0001764,COAST SURGERY CENTER LP,3445 PACIFIC COAST HWY #110,TORRANCE,CA,90505,,(310) 325-4555,97,3,0,98,91,7,2,95,94,5,1,97,90,8,2,96,,1705,512,30,07/01/2022,06/30/2023
05C0001803,PACIFIC ENDOSCOPY AND SURGERY CENTER LLC,17815 NEWHOPE ST SUITE R,FOUNTAIN VALLEY,CA,92708,,(714) 432-8881,95,4,1,97,93,6,1,96,86,12,2,94,83,15,2,93,,1692,367,22,07/01/2022,06/30/2023
05C0001813,RENAISSANCE SURGERY CENTER LLC,2365 EAST FIR AVE,FRESNO,CA,93720,,(559) 797-9100,97,3,0,98,90,8,2,94,91,7,2,96,87,11,2,95,,1441,521,36,07/01/2022,06/30/2023
05C0001840,OASIS SURGERY CENTER LP,815 AUTO CENTER DR.,PALMDALE,CA,93551,,(661) 206-6262,98,1,1,99,90,8,2,94,94,6,0,97,91,8,1,97,,1376,272,20,07/01/2022,06/30/2023
05C0001842,SCRIPPS ENCINITAS SURGERY CENTER LLC,320 SANTA FE DR  SUITE LL2,ENCINITAS,CA,92024,,(760) 632-3900,97,3,0,98,89,10,1,94,87,10,3,95,88,11,1,96,,831,269,32,07/01/2022,06/30/2023
05C0001860,TALBERT SURGICAL ASSOCIATES,"7677 CENTER AVE, # 104",HUNTINGTON BEACH,CA,92647,,(714) 881-8722,95,5,0,97,86,11,3,91,79,18,3,93,76,21,3,90,,2457,571,23,07/01/2022,06/30/2023
05C0001863,HACIENDA OUTPATIENT SURGERY CENTER LLC DBA HACIENDA SURGERY CENTER,4626 WILLOW RD SUITE 100,PLEASANTON,CA,94588,,(925) 734-6744,98,2,0,99,93,6,1,96,88,11,1,95,90,9,1,96,,1390,424,31,07/01/2022,06/30/2023
05C0001879,SCRIPPS HEALTH,10010 CAMPUS POINT DR,SAN DIEGO,CA,92121,,(619) 743-5565,98,2,0,99,93,6,1,96,92,7,1,96,90,8,2,96,,6188,1658,27,07/01/2022,06/30/2023
05C0001975,HUNTINGTON AMBULATORY SURGERY CENTER,625 SOUTH FAIR OAKS AVE SUITE 380,PASADENA,CA,91105,,(626) 229-8999,,,,,,,,,,,,,,,,,4,,,,,
05C0002058,UC REGENTS UCLA DEPT OF MEDICINE PROFESSIONAL GROUP,25775 WEST MCBEAN PARKWAY SUITE 115,LOS ANGELES,CA,90095,,(661) 253-7956,97,2,1,98,93,5,2,96,89,9,2,96,87,13,0,96,3,334,66,20,07/01/2022,06/30/2023
05C0002179,SCRIPPS HEALTH,10010 CAMPUS POINT DR,SAN DIEGO,CA,92121,,(619) 743-5565,98,2,0,99,91,8,1,95,91,8,1,96,88,11,1,96,,7613,1612,21,07/01/2022,06/30/2023
05C0002196,VENTANA SURGICAL CENTER LLC,18133 VENTURA BLVD SUITE 400,ADDISON,CA,91356,,(818) 668-6200,96,4,0,98,90,8,2,94,89,9,2,95,85,13,2,94,,1175,278,24,07/01/2022,06/30/2023
05C0002215,WEST COAST JOINT AND SPINE CENTER,8135 SARATOGA WAY,EL DORADO HILLS,CA,95762,,(000) 000-0000,97,3,0,99,91,7,2,95,92,5,3,95,90,8,2,96,,1258,410,33,07/01/2022,06/30/2023
05C0002282,SCRIPPS HEALTH DBA ASC JEFFERSON,2205 VISTA WAY,OCEANSIDE,CA,92054,,(000) 000-0000,99,1,0,99,93,6,1,96,94,5,1,96,93,6,1,97,,3945,960,24,07/01/2022,06/30/2023
06C0001028,KAISER PERMANENTE SURGERY CTR,2045 FRANKLIN ST,DENVER,CO,80205,,(303) 764-4420,97,3,0,98,91,8,1,95,83,15,2,93,80,18,2,92,,1910,672,35,07/01/2022,06/30/2023
06C0001029,PUEBLO AMBULATORY SURGERY CENTER LLC,25 MONTEBELLO RD,PUEBLO,CO,81001,,(719) 544-1600,,,,,,,,,,,,,,,,,4,,,,,
06C0001049,ROCKY MOUNTAIN ENDOSCOPY CENTERS LLC,10001 N. WASHINGTON ST.,THORNTON,CO,80229,,(303) 205-1090,97,3,0,98,87,10,3,92,81,17,2,93,78,19,3,91,,1482,297,20,07/01/2022,06/30/2023
06C0001057,AUDUBON AMBULATORY SURGERY CENTER LLC,3030 N. CIR DR STE 101,COLORADO SPRINGS,CO,80909,,(719) 355-3422,98,2,0,99,91,7,2,95,88,11,1,95,86,13,1,95,,1121,281,25,07/01/2022,06/30/2023
06C0001058,GOLDEN RIDGE SURGERY CENTER LLC,"660 GOLDEN RIDGE RD., STE. 110",GOLDEN,CO,80401,,(303) 963-1507,97,3,0,98,93,5,2,95,88,9,3,95,88,10,2,95,,906,246,27,07/01/2022,06/30/2023
06C0001070,ROCKY MOUNTAIN ENDOSCOPY CENTERS LLC,7000 WEST COLFAX AVENUE,LAKEWOOD,CO,80214,,(303) 205-1090,95,4,1,97,90,8,2,94,84,10,6,92,78,18,4,91,,1339,390,29,07/01/2022,06/30/2023
06C0001079,SUMMIT VIEW SURGERY CENTER,7730 SOUTH BROADWAY,LITTLETON,CO,80122,,(303) 730-2376,99,1,0,99,93,6,1,96,91,7,2,95,88,10,2,95,,1170,239,20,07/01/2022,06/30/2023
06C0001080,FLATIRONS SURGERY CENTER LLC,70 HEALTH PARK DR,LOUISVILLE,CO,80027,,(720) 890-2721,97,2,1,98,91,7,2,94,89,8,3,94,84,14,2,94,,1183,286,24,07/01/2022,06/30/2023
06C0001085,CROWN POINT SURGERY CENTER LLC,9397 CROWN CREST BLVD,PARKER,CO,80138,,(720) 974-6499,97,2,1,98,89,8,3,93,92,6,2,95,86,12,2,94,,1054,230,22,07/01/2022,06/30/2023
06C0001110,HARVARD PARK SURGERY CENTER LLC,1000 EAST HARVARD AVE,DENVER,CO,80210,,(303) 778-5773,96,3,1,98,90,7,3,94,85,12,3,94,83,15,2,94,,908,304,33,07/01/2022,06/30/2023
06C0001131,AUDUBON AMBULATORY SURGERY CENTER LLC,"6011 E. WOODMAN RD., STE. 200",COLORADO SPRINGS,CO,80909,,(719) 355-3422,97,3,0,98,91,8,1,95,88,9,3,95,87,11,2,95,,880,220,25,07/01/2022,06/30/2023
06C0001145,KAISER PERMANENTE AMBULATORY SURG CTR LONE TREE,10240 PARK MEADOWS DRIVE,LONE TREE,CO,80124,,(000) 000-0000,98,2,0,99,93,6,1,96,91,7,2,96,88,10,2,95,,2534,973,38,07/01/2022,06/30/2023
06C0001163,SOUTH DENVER SURGERY CENTER,300 EAST MINERAL AVE #9,LITTLETON,CO,80122,,(720) 360-3400,98,2,0,99,93,6,1,96,90,9,1,96,88,11,1,95,,1556,429,28,07/01/2022,06/30/2023
06C0001164,GREENWOOD ASC LLC DBA COLORADO PREMIER SURGERY CENTER AT LAKEWOOD,355 UNION BLVD SUITE 10,LAKEWOOD,CO,80228,,(303) 689-8712,,,,,,,,,,,,,,,,,4,,,,,
06C0001185,COLORADO UROLOGIC SURGERY CENTER,3 SUPERIOR DRIVE SUITE 301,SUPERIOR,CO,80027,,(000) 000-0000,,,,,,,,,,,,,,,,,4,,,,,
06C0001190,COLORADO UROLOGIC SURGERY CENTER,255 SOUTH ROUTT STREET,LAKEWOOD,CO,80228,,(303) 695-6106,,,,,,,,,,,,,,,,,4,,,,,
06C0001195,COLORADO UROLOGIC SURGERY CENTER LLC,10535 PARK MEADOWS BOULEVARD SUITE 102,LONE TREE,CO,80124,,(303) 695-6106,,,,,,,,,,,,,,,,,4,,,,,
07C0001034,FAIRFIELD COUNTY ENDOSCOPY CENTER,888 WHITE PLAINS STE. 210,TRUMBULL,CT,06611,,(203) 268-1193,,,,,,,,,,,,,,,,,4,,,,,
07C0001038,SHORELINE SURGERY CENTER LLC,505 WILLARD AVE.,GUILFORD,CT,06437,,(860) 667-9542,,,,,,,,,,,,,,,,,4,,,,,
07C0001048,NORTH HAVEN SURGERY CENTER LLC,52 WASHINGTON AVE SUITE 1,NORTH HAVEN,CT,06473,,(203) 234-7727,98,2,0,99,93,6,1,96,91,8,1,96,92,7,1,97,,1046,305,29,07/01/2022,06/30/2023
10C0001025,SURGERY CENTER AT UNIVERSITY PARK LLC DBA PREMIER SURGERY CENTER OF SARASOTA,983 SOUTH BENEVA RD,SARASOTA,FL,34232,,(941) 365-5355,97,3,0,98,90,8,2,94,88,10,2,95,86,12,2,95,,1355,536,40,07/01/2022,06/30/2023
10C0001089,ST AUGUSTINE ENDOSCOPY CENTER LLC,212 SOUTHPARK CIR EAST,SAINT AUGUSTINE,FL,32086,,(904) 824-6108,98,2,0,99,91,6,3,94,95,4,1,97,93,5,2,97,,1200,407,34,07/01/2022,06/30/2023
10C0001203,UNIVERSITY SURGERY CENTER LTD,7251 UNIVERSITY BLVD SUITE 100,WINTER PARK,FL,32792,,(407) 677-0066,98,2,0,99,95,4,1,97,93,6,1,97,91,8,1,97,,817,191,23,07/01/2022,06/30/2023
10C0001214,THE OUTPATIENT CENTER OF BOYNTON BEACH,2351 SOUTH SEACREST BLVD,BOYNTON BEACH,FL,33435,,(561) 732-5900,95,4,1,97,86,10,4,91,81,15,4,92,81,17,2,93,,1174,277,24,07/01/2022,06/30/2023
10C0001236,DELRAY BEACH SURGERY CENTER,4800 LINTON BOULEVARD BUILDING B,DELRAY BEACH,FL,33445,,(561) 495-9111,96,4,0,98,87,10,3,92,85,12,3,94,82,16,2,93,,1098,400,36,07/01/2022,06/30/2023
10C0001264,TREASURE COAST SURGERY CENTER LLC DBA TREASURE COAST CENTER FOR SURGERY,1155 SOUTHEAST MONTEREY RD EXT,STUART,FL,34994,,(772) 286-8028,97,3,0,99,89,9,2,93,88,9,3,95,85,12,3,94,,1014,384,38,07/01/2022,06/30/2023
10C0001293,WINTER HAVEN AMBULATORY SURGICAL CENTER LLC,325 AVE B NW,WINTER HAVEN,FL,33881,,(469) 893-6573,98,2,0,99,91,7,2,94,91,8,1,96,88,11,1,95,,1175,367,31,07/01/2022,06/30/2023
10C0001302,TAMARAC SURGERY CENTER LLC DBA THE SURGERY CENTER OF FORT LAUDERDALE,4485 NORTH STATE RD 7,LAUDERDALE LAKES,FL,33319,,(954) 735-0096,94,5,1,97,87,9,4,91,78,17,5,91,76,20,4,90,,1286,272,21,07/01/2022,06/30/2023
10C0001308,UNIVERSITY EYE SURGERY CENTER,"13051 UNIVERSITY DR, STE. 102",FORT MYERS,FL,33907,,(239) 590-6111,96,3,1,98,89,8,3,93,89,9,2,94,87,11,2,94,,1607,495,31,07/01/2022,06/30/2023
10C0001313,DOCTORS SURGICAL PARTNERSHIP LTD DBA MELBOURNE SAME DAY SURGERY,1035 SOUTH APOLLO BLVD,MELBOURNE,FL,32901,,(321) 434-9134,97,3,0,98,93,6,1,96,92,7,1,96,89,10,1,96,,2339,750,32,07/01/2022,06/30/2023
10C0001319,JACKSONVILLE ENDOSCOPY CENTERS LLC DBA JACKSONVILLE CENTER FOR ENDOSCOPY,1610 BARRS ST SUITE B,JACKSONVILLE,FL,32204,,(904) 387-6750,97,3,0,98,91,7,2,94,86,11,3,94,88,10,2,95,,1385,321,23,07/01/2022,06/30/2023
10C0001332,LASER AND SURGERY CENTER OF THE PALM BEACHES,3602 KYOTO GARDENS DR,PALM BEACH GARDENS,FL,33410,,(561) 799-3388,96,3,1,98,88,9,3,93,90,8,2,95,86,12,2,95,,1175,398,34,07/01/2022,06/30/2023
10C0001362,DESTIN SURGERY CENTER LLC,4485 FURLING LANE,DESTIN,FL,32541,,(850) 650-7606,98,2,0,99,93,6,1,96,92,6,2,96,91,8,1,97,,1383,504,36,07/01/2022,06/30/2023
10C0001363,DOCTORS GI PARTNERSHIP LTD DBA MELBOURNE GI CENTER,1051 SOUTH HICKORY ST SUITE K,MELBOURNE,FL,32901,,(513) 319-6256,97,3,0,98,93,5,2,96,86,11,3,94,85,13,2,94,,2376,680,29,07/01/2022,06/30/2023
10C0001371,CHARLOTTE ENDOSCOPIC SURGERY CENTER LLC DBA CHARLOTTE ENDOSCOPIC SURGERY CENTER,23970 SUNCOAST BLVD,PORT CHARLOTTE,FL,33908,,(947) 625-3636,98,2,0,99,92,6,2,95,90,9,1,95,90,9,1,96,2,679,319,47,07/01/2022,06/30/2023
10C0001377,OPHTHALMOLOGY SURGERY CENTER OF ORLANDO LLC DBA ORLANDO OPHTHALMOLOGY SURGERY CENTER,105 BONNIE LOCH CT,ORLANDO,FL,32806,,(407) 428-0040,96,4,0,98,89,9,2,93,80,17,3,92,81,16,3,93,,1381,492,36,07/01/2022,06/30/2023
10C0001389,BGC HOLDINGS INC,4800 BELFORT RD,JACKSONVILLE,FL,32256,,(904) 265-4801,98,2,0,99,94,5,1,96,93,6,1,96,95,4,1,98,,1037,271,26,07/01/2022,06/30/2023
10C0001390,CORAL GABLES SURGERY CENTER,"2645 DOUGLAS RD, SUITE 400",MIAMI,FL,33133,,(305) 461-3229,96,3,1,98,89,8,3,93,86,9,5,93,84,12,4,92,,1056,214,20,07/01/2022,06/30/2023
10C0001418,THE SURGERY CENTER AT JENSEN BEACH LLC,3995 NW GOLDENROD RD,JENSEN BEACH,FL,34957,,(772) 497-0020,96,4,0,98,89,9,2,94,87,11,2,95,86,13,1,95,,1067,434,41,07/01/2022,06/30/2023
10C0001428,SOUTH FLORIDA AMBULATORY SURGICAL CENTER LLC,6110 SOUTHWEST 70TH ST,SOUTH MIAMI,FL,33143,,(305) 662-3100,97,3,0,99,93,5,2,96,86,13,1,95,83,16,1,94,,1394,261,19,07/01/2022,06/30/2023
10C0001474,MURDOCK AMBULATORY SURGERY CENTER LLC,1400 EDUCATION WAY,PORT CHARLOTTE,FL,33948,,(941) 625-9800,98,2,0,99,90,7,3,94,91,8,1,96,89,10,1,95,,954,402,42,07/01/2022,06/30/2023
10C0001486,PARKCREEK SURGERY CENTER LLLP,6806 N. STATE RD. 7,COCONUT CREEK,FL,33073,,(954) 312-3507,97,3,0,98,90,8,2,94,92,6,2,96,90,8,2,96,,1461,363,25,07/01/2022,06/30/2023
10C0001496,FLORIDA SURGERY CENTER ENTERPRISES LLC,5013 NORTH ARMENIA AVE,TAMPA,FL,33603,,(813) 875-0562,95,4,1,97,89,9,2,93,84,14,2,94,78,18,4,91,,2218,400,18,07/01/2022,06/30/2023
10C0001505,LAKE ENDOSCOPY CENTER,17355 S.E. 109TH TERRACE RD,SUMMERFIELD,FL,34491,,(352) 245-0846,97,3,0,98,91,7,2,94,89,9,2,95,88,11,1,95,,982,470,48,07/01/2022,06/30/2023
10C0001512,TLC ASC LLC DBA TLC OUTPATIENT SURGERY AND LASER CENTER,201 WEST GUAVA ST,LADY LAKE,FL,32159,,(352) 391-5875,97,3,0,99,91,7,2,95,89,10,1,95,88,10,2,95,,804,410,51,07/01/2022,06/30/2023
10C0001521,RIVERWALK AMBULATORY SURGERY CENTER,200 3RD AVE WEST SUITE 170,BRADENTON,FL,34205,,(941) 220-6786,96,3,1,98,87,10,3,92,80,17,3,92,80,18,2,93,,935,351,38,07/01/2022,06/30/2023
10C0001528,CORAL RIDGE OUTPATIENT CENTER LLC,5301 NORTH DIXIE HWY.,OAKLAND PARK,FL,33334,,(954) 832-3300,96,4,0,98,92,5,3,95,86,13,1,95,86,12,2,95,,1255,364,29,07/01/2022,06/30/2023
10C0001539,SURGERY CENTER OF PEMBROKE PINES LLC DBA BROWARD SPECIALTY SURGICAL CENTER,7261 SHERIDAN ST SUITE 100A,HOLLYWOOD,FL,33024,,(954) 322-4222,98,2,0,99,89,8,3,93,88,10,2,95,87,11,2,94,,1615,281,17,07/01/2022,06/30/2023
10C0001545,SURGICARE OF MIRAMAR LLC,14601 SOUTHWEST 29TH ST SUITE 301,MIRAMAR,FL,33027,,(954) 266-3807,99,1,0,99,94,5,1,96,95,4,1,97,92,6,2,96,,1878,360,19,07/01/2022,06/30/2023
10C0001549,TITUSVILLE CENTER FOR SURGICAL EXCELLENCE LLC,814 SOUTH WASHIGNTON AVE,TITUSVILLE,FL,32796,,(321) 567-6300,98,2,0,99,96,3,1,97,94,5,1,97,94,5,1,97,,813,358,44,07/01/2022,06/30/2023
10C0001559,SAFETY HARBOR SURGERY CENTER LLC,3280 MCMULLEN BOOTH RD. STE. 110,CLEARWATER,FL,33761,,(727) 787-3000,98,2,0,99,91,7,2,95,90,8,2,95,89,9,2,96,,1259,478,38,07/01/2022,06/30/2023
10C0001560,SURGCENTER PINELLAS LLC,12416 66TH ST. N STE. D,LARGO,FL,33773,,(727) 408-5310,96,3,1,98,87,10,3,92,84,13,3,93,81,16,3,92,,954,338,35,07/01/2022,06/30/2023
10C0001571,SURGERY CENTRE OF SW FLORIDA LLC,665 DEL PRADO BLVD S.,CAPE CORAL,FL,33990,,(239) 772-3636,97,3,0,98,89,8,3,93,86,12,2,94,85,13,2,94,,1095,366,33,07/01/2022,06/30/2023
10C0001576,THE OUTPATIENT CENTER OF DELRAY,4675 LINTON BLVD STE 101,DELRAY BEACH,FL,33445,,(561) 499-9585,95,4,1,97,91,6,3,94,85,12,3,93,83,15,2,93,,1034,317,31,07/01/2022,06/30/2023
10C0001577,ADVANCED SURGERY CENTER OF SARASOTA LLC,2621 CATTLEMEN RD SUITE 100,SARASOTA,FL,34232,,(941) 444-5510,98,2,0,99,92,7,1,95,91,8,1,96,90,9,1,96,,1668,732,44,07/01/2022,06/30/2023
10C0001578,SURGCENTER NORTHEAST LLC,"2438 DR. MARTIN LUTHER KING JR. ST. N, STE. C",ST PETERSBURG,FL,33704,,(727) 565-0740,96,3,1,98,90,8,2,94,89,8,3,95,89,10,1,95,,832,250,30,07/01/2022,06/30/2023
10C0001582,LONGLEAF SURGERY CENTER,3010 STARKEY BLVD,NEW PORT RICHEY,FL,34655,,(727) 372-0600,98,2,0,99,91,7,2,95,90,8,2,96,87,11,2,95,,1079,349,32,07/01/2022,06/30/2023
10C0001586,MARION SURGERY CENTER LLC,2207 SW 1ST AVE,OCALA,FL,34471,,(352) 732-4020,96,4,0,98,89,9,2,94,86,12,2,94,85,13,2,94,,1352,552,41,07/01/2022,06/30/2023
10C0001588,SURGCENTER OF PALM BEACH GARDENS LLC,900 VILLAGE SQUARE CROSSING SUITE 100,PALM BEACH GARDENS,FL,33410,,(561) 429-6880,98,1,1,99,89,9,2,93,91,8,1,96,88,11,1,95,,882,206,23,07/01/2022,06/30/2023
10C0001589,ADVANCED SURGERY CENTER OF TAMPA LLC,1881 W. KENNEDY BLVD,TAMPA,FL,33606,,(813) 693-5000,95,4,1,97,91,8,1,95,79,17,4,92,82,15,3,92,,895,204,23,07/01/2022,06/30/2023
10C0001596,SEASIDE SURGERY CENTER,1879 VETERANS PARK DR SUITE 1101,NAPLES,FL,34109,,(239) 592-4955,98,2,0,99,93,6,1,96,92,7,1,97,91,8,1,97,,1229,646,53,07/01/2022,06/30/2023
10C0001601,SELECT PHYSICIANS SURGERY CENTER,3440 WEST MARTIN LUTHER KING JR BLVD SUITE 103,TAMPA,FL,33607,,(813) 321-1618,,,,,,,,,,,,,,,,,4,,,,,
10C0001608,SURGCENTER OF ST. LUCIE,10521 SOUTHWEST VILLAGE CENTER DR #104,PORT ST. LUCIE,FL,34987,,(772) 345-8600,97,3,0,98,92,6,2,95,89,9,2,95,85,13,2,94,,1190,409,34,07/01/2022,06/30/2023
10C0001609,THE ADVANCED CENTER FOR SURGERY LLC,1355 37TH ST SUITE 304,VERO BEACH,FL,32960,,(772) 213-3600,97,3,0,98,92,7,1,96,93,5,2,96,91,7,2,96,,1082,400,37,07/01/2022,06/30/2023
10C0001612,MIAMI SURGICAL SUITES LLC,9035 SUNSET DR SUITE 200,MIAMI,FL,33173,,(786) 615-6210,,,,,,,,,,,,,,,,,4,,,,,
10C0001637,INTRACOASTAL SURGERY CENTER LLC,2200 WEST EAU GALLIE BLVD SUITE 100,MELBOURNE,FL,32935,,(321) 610-3460,,,,,,,,,,,,,,,,,4,,,,,
10C0001645,SURGCENTER CLEARWATER LLC DBA SURGCENTER DUNEDIN,980 MILWAUKEE AVE,DUNEDIN,FL,34698,,(727) 733-4610,,,,,,,,,,,,,,,,,4,,,,,
10C0001646,SKYWAY SURGERY CENTER LLC,625 6TH AVE SOUTH,ST PETERSBURG,FL,33701,,(727) 440-4888,,,,,,,,,,,,,,,,,4,,,,,
10C0001660,HSS PALM BEACH AMBULATORY SURGERY CENTER,: 300 PALM BEACH LAKES BOULEVARD,WEST PALM BEACH,FL,33401,,(000) 000-0000,98,2,0,99,92,7,1,96,94,5,1,97,91,8,1,97,,1662,695,42,07/01/2022,06/30/2023
10C0001668,ADVANCED SURGICAL CARE OF CLEARWATER,93 PARK PLACE BOULEVARD SUITE 102,CLEARWATER,FL,33759,,(727) 742-3564,,,,,,,,,,,,,,,,,4,,,,,
10C0001671,FLORIDA SPRINGS SURGERY CENTER LLC,366 BEVERLY COURT,SPRING HILL,FL,34606,,(352) 600-0220,,,,,,,,,,,,,,,,,4,,,,,
11C0001049,RESURGENS SURGERY CENTER LLC,5671 PEACHTREE DUNWOODY RD SUITE 800,ATLANTA,GA,30342,,(404) 531-8532,97,3,0,99,95,4,1,97,95,4,1,97,89,9,2,95,,1306,371,28,07/01/2022,06/30/2023
11C0001056,THE ENDOSCOPY CENTER OF SOUTHEAST GEORGIA INC,200 MAPLE DR,VIDALIA,GA,30474,,(912) 538-1003,97,3,0,99,97,3,0,98,92,6,2,96,97,2,1,99,,937,169,18,07/01/2022,06/30/2023
11C0001085,NORTHWEST GEORGIA ORTHOPAEDIC SURGERY CENTER LLC,2550 WINDY HILL RD SOUTHEAST SUITE 218,MARIETTA,GA,30067,,(770) 953-8058,97,3,0,98,92,6,2,95,90,8,2,95,86,10,4,93,,1248,259,21,07/01/2022,06/30/2023
11C0001177,EAST WEST SURGERY CENTER LP,2041 MESA VALLEY WAY SUITE 125,AUSTELL,GA,30106,,(678) 309-8100,97,2,1,98,92,7,1,95,90,8,2,95,88,10,2,95,,1100,287,26,07/01/2022,06/30/2023
11C0001182,ROSWELL SURGERY CENTER LLC,1285 HEMBREE RD SUITE 200C,ROSWELL,GA,30076,,(770) 772-5520,99,1,0,99,95,4,1,97,94,5,1,97,90,9,1,96,,1265,361,29,07/01/2022,06/30/2023
11C0001192,LAWRENCEVILLE SURGERY CENTER LLC,758 OLD NORCROSS RD SUITE 125,LAWRENCEVILLE,GA,30046,,(678) 987-0820,99,1,0,99,93,7,0,97,93,6,1,96,90,9,1,96,,1248,324,26,07/01/2022,06/30/2023
11C0001234,ORTHOPAEDIC SOUTH SURGICAL CENTER,6645 LAKE DR,MORROW,GA,30260,,(678) 422-4230,98,2,0,99,92,6,2,95,95,4,1,97,92,6,2,96,,2023,503,25,07/01/2022,06/30/2023
11C0001258,THOMAS EYE SURGERY CENTER LLC,5995 BARFIELD RD,SANDY SPRINGS,GA,30328,,(678) 781-7388,93,6,1,96,85,12,3,91,81,14,5,92,79,17,4,91,,2189,453,21,07/01/2022,06/30/2023
11C0001279,SURGICAL CENTER FOR UROLOGY LLC,290 COUNTRY CLUB DR SUITE 240,STOCKBRIDGE,GA,30281,,(678) 565-1806,98,2,0,99,89,9,2,94,91,7,2,96,92,7,1,97,,1825,367,21,07/01/2022,06/30/2023
11C0001368,NORTH COLUMBUS SURGERY CENTER LLC,7351 OLD MOON RD,COLUMBUS,GA,31909,,(706) 653-7000,97,3,0,98,93,5,2,96,80,17,3,94,86,12,2,95,,3107,495,16,07/01/2022,06/30/2023
11C0001370,GEORGIA SPINE SURGERY CENTER LLC DBA GNS SURGERY CENTER,1061 DOWDY RD SUITE 103,ATHENS,GA,30606,,(706) 543-9222,99,1,0,99,92,6,2,95,95,5,0,97,93,7,0,98,,332,113,34,07/01/2022,06/30/2023
11C0001383,HUGHSTON SURGICAL CENTER LLC,6262 VETERANS PKWY UNIT. B,COLUMBUS,GA,31909,,(706) 494-3434,96,4,0,98,91,8,1,95,93,7,0,97,94,5,1,98,,1281,362,28,07/01/2022,06/30/2023
11C0001460,RESURGENS EAST SURGERY CENTER LLC,3241 IRIS DR SUITE 100,COVINGTON,GA,30016,,(678) 712-7624,98,2,0,99,95,4,1,97,94,5,1,97,90,9,1,96,,1225,317,26,07/01/2022,06/30/2023
11C0001472,RESURGENS FAYETTE SURGERY CENTER LLC,1336 HWY 54 WEST BUILDING 400 SUITE A,FAYETTEVILLE,GA,30214,,(678) 251-0200,99,1,0,99,94,5,1,97,96,3,1,98,93,5,2,96,,1392,436,31,07/01/2022,06/30/2023
12C0001012,KAISER PERMANENTE HONOLULU CLINIC ASC,1010 PENSACOLA ST,HONOLULU,HI,96814,,(808) 597-2611,98,2,0,99,93,6,1,96,90,8,2,95,89,9,2,95,,2418,847,35,07/01/2022,06/30/2023
12C0001023,MINIMALLY INVASIVE SURGERY HAWAII,1401 SOUTH BERETANIA ST SUITE 600,HONOLULU,HI,96814,,(808) 356-5658,,,,,,,,,,,,,,,,,4,,,,,
12C0001100,KAISER WAILUKU CLINIC ASC,80 MAHALANI ST,WAILUKU,HI,96793,,(808) 243-6000,98,2,0,99,94,5,1,97,89,10,1,95,88,11,1,95,,1469,479,33,07/01/2022,06/30/2023
13C0001037,KOOTENAI OUTPATIENT SURGERY,707 WEST IRONWOOD DR,COEUR D ALENE,ID,83814,,(308) 625-6428,98,2,0,99,94,5,1,96,91,7,2,95,86,13,1,95,,1673,460,27,07/01/2022,06/30/2023
13C0001064,IDAHO PHYSICAL MEDICINE AND REHABILITATION PA,3551 EAST OVERLAND RD,MERIDIAN,ID,83642,,(208) 287-6558,99,1,0,99,93,6,1,96,91,8,1,96,89,8,3,95,,1214,326,27,07/01/2022,06/30/2023
14C0001030,RIVER NORTH SAME DAY SURGERY LLC,1 EAST ERIE ST SUITE 300,CHICAGO,IL,60611,,(312) 649-9706,99,1,0,99,93,6,1,96,89,9,2,95,84,14,2,94,,1585,341,22,07/01/2022,06/30/2023
14C0001041,NORTH SHORE SAME DAY SURGERY DBA NORTH SHORE SURGICAL CENTER,3427 WEST TOUHY AVE,LINCOLNWOOD,IL,60712,,(847) 324-7770,95,4,1,97,92,7,1,95,81,16,3,93,80,17,3,92,,1479,526,36,07/01/2022,06/30/2023
14C0001059,ROCKFORD GASTROENTEROLOGY ASSOCIATES LTD,401 ROXBURY RD,ROCKFORD,IL,61107,,(815) 484-7930,98,2,0,99,88,9,3,92,90,9,1,96,91,7,2,96,,1882,366,20,07/01/2022,06/30/2023
14C0001074,EFFINGHAM SURGICAL PARTNERS LLC,904 W. TEMPLE AVE.,EFFINGHAM,IL,62401,,(217) 342-1234,98,2,0,99,95,4,1,97,94,6,0,97,93,6,1,97,,1039,440,42,07/01/2022,06/30/2023
14C0001157,PHYSICIANS SURGERY CENTER AT GOOD SAMARITAN LLC,"2 GOOD SAMARITAN WAY, STE. 200",MOUNT VERNON,IL,62864,,(618) 899-5703,98,2,0,99,91,8,1,95,89,8,3,95,81,18,1,93,,1310,405,31,07/01/2022,06/30/2023
14C0001172,SILVER CROSS AMBULATORY SURGERY CENTER LLC DBA SILVER CROSS SURGERY CENTER,1003 PAWLAK PARKWAY,NEW LENOX,IL,60451,,(815) 717-1740,98,2,0,99,92,6,2,95,92,6,2,96,88,11,1,95,,1447,525,36,07/01/2022,06/30/2023
15C0001158,TERRE HAUTE SURGICAL CENTER LLC,227 EAST MCCALLISTER DR,TERRE HAUTE,IN,47802,,(812) 234-4315,,,,,,,,,,,,,,,,,4,,,,,
15C0001169,INDIANA SPECIALTY SURGERY CENTER LLC,1380 W ARCH HAVEN AVE,BLOOMINGTON,IN,47403,,(812) 330-1164,99,1,0,99,95,4,1,97,91,9,0,96,88,11,1,96,,888,329,37,07/01/2022,06/30/2023
15C0001174,METRO SPECIALTY SURGERY CENTER LLC,"200 MISSOURI AVE, STE. A",JEFFERSONVILLE,IN,47130,,(812) 920-0055,98,2,0,99,91,7,2,95,90,9,1,96,88,10,2,95,,1365,412,30,07/01/2022,06/30/2023
15C0001182,CARMEL SPECIALTY SURGERY CENTER,11590 NORTH MERIDIAN ST SUITE 130,CARMEL,IN,46032,,(317) 660-0260,97,3,0,98,90,8,2,94,88,11,1,95,86,13,1,95,,1535,509,33,07/01/2022,06/30/2023
15C0001184,MUNSTER SPECIALTY SURGERY CENTER,9200 CALUMET AVE SUITE S100,MUNSTER,IN,46321,,(219) 595-0789,99,1,0,99,91,8,1,95,87,12,1,95,85,14,1,94,,936,315,34,07/01/2022,06/30/2023
15C0001186,MIDWEST SPECIALTY SURGERY CENTER LLC,6920 GATWICK DR STE 100,INDIANAPOLIS,IN,46241,,(317) 821-0000,98,2,0,99,91,8,1,95,91,8,1,96,91,7,2,96,,990,547,55,07/01/2022,06/30/2023
15C0001188,NORTHWEST REGIONAL SURGERY CENTER LLC,"8900 BROADWAY, SUITE 100W",MERRILLVILLE,IN,46410,,(219) 576-6260,98,2,0,99,89,9,2,94,88,10,2,95,85,13,2,94,,1258,423,34,07/01/2022,06/30/2023
15C0001190,ADVANCED REGIONAL SURGERY CENTER LLC,"360 MISSOURI AVE, 19A, SUITE 102",JEFFERSONVILLE,IN,47130,,(817) 722-1480,96,4,0,98,90,8,2,94,86,12,2,94,83,16,1,94,,1588,396,25,07/01/2022,06/30/2023
15C0001202,GREAT LAKES SURGICAL SUITES LLC DBA GREAT LAKES SURGICAL SUITES,9200 CALUMET AVE SUITE N500,MUNSTER,IN,46321,,(219) 513-9955,95,5,0,97,89,10,1,94,86,13,1,94,80,16,4,92,,957,325,34,07/01/2022,06/30/2023
15C0001214,FRANCISCAN LAKESHORE ASC LLC,12800 MISSISSIPPI PARKWAY PARVILION C,CROWN POINT,IN,46307,,(000) 000-0000,,,,,,,,,,,,,,,,,4,,,,,
16C0001034,MERCY SURGERY CENTER LLC,1195 BOYSON RD SUITE 3,HIAWATHA,IA,52233,,(319) 369-4764,98,2,0,99,91,8,1,95,90,8,2,95,88,10,2,95,,1371,567,41,07/01/2022,06/30/2023
17C0001083,EPIC SURGERY CENTER,11261 NALL AVE SUITE 200,LEAWOOD,KS,66211,,(913) 671-3290,98,2,0,99,89,9,2,93,89,9,2,95,87,12,1,95,,938,359,38,07/01/2022,06/30/2023
17C0001103,SAINT LUKES SOUTH PAIN MANAGEMENT CENTER LLC,7651 WEST 159TH STREET,OVERLAND PARK,KS,66223,,(913) 323-9060,,,,,,,,,,,,,,,,,4,,,,,
19C0001010,EYE CARE SURGERY CENTER INC,10423 OLD HAMMOND HWY,BATON ROUGE,LA,70816,,(225) 932-0070,97,2,1,98,89,8,3,93,86,10,4,94,88,9,3,95,,1797,446,25,07/01/2022,06/30/2023
19C0001053,METAIRIE OPHTHALMOLOGY ASC LLC,3900 VETERANS BLVD. #100,METAIRIE,LA,70002,,(504) 455-1550,96,3,1,98,91,7,2,95,85,13,2,95,86,12,2,95,,1481,369,25,07/01/2022,06/30/2023
19C0001085,LAKE AMBULATORY SURGERY CTR,7145 PERKINS RD,BATON ROUGE,LA,70808,,(225) 408-5548,96,3,1,97,90,9,1,94,84,13,3,94,83,16,1,94,2,1302,308,24,07/01/2022,06/30/2023
19C0001109,CHRISTUS CABRINI SURGERY CENTER LLC,3436 MASONIC DR.,ALEXANDRIA,LA,71301,,(318) 427-6500,99,1,0,99,95,4,1,97,94,5,1,97,91,7,2,95,,1256,406,32,07/01/2022,06/30/2023
19C0001129,ADVANCED SURGERY CENTER OF METAIRIE LLC,720 VETERANS MEMORIAL BLVD SUITE 100,METAIRIE,LA,70005,,(504) 293-4953,,,,,,,,,,,,,,,,,4,,,,,
19C0001130,ADVANCED SURGERY CENTER OF NORTHERN LOUISIANA LLC,1601 LOUISVILLE AVE,MONROE,LA,71201,,(318) 998-5555,,,,,,,,,,,,,,,,,4,,,,,
19C0001133,OIL CENTER SURGICAL PLAZA,1000 WEST PINHOOK,LAFAYETTE,LA,70503,,(337) 571-0600,99,1,0,99,94,5,1,96,92,7,1,96,91,8,1,97,,957,367,38,07/01/2022,06/30/2023
20C0001012,INTERMED PA DBA GENERATIONS,84 MARGINAL WAY SUITE 1000,PORTLAND,ME,04101,,(207) 347-2898,98,2,0,99,94,5,1,96,91,8,1,96,88,10,2,95,,832,274,33,07/01/2022,06/30/2023
21C0001043,KAISER FOUNDATION HEALTH PLAN OF THE MID-ATLANTIC STATES INC.,10810 CONNECTICUT AVE,KENSINGTON,MD,20895,,(301) 816-7284,97,3,0,98,94,5,1,96,88,10,2,95,85,12,3,93,,2139,781,37,07/01/2022,06/30/2023
21C0001063,CLINICAL ASSOCIATION AMBULATORY SURGICAL CENTER,515 FAIRMOUNT AVE. STE 100,TOWSON,MD,21286,,(410) 494-1335,93,6,1,96,89,9,2,94,82,14,4,93,83,13,4,93,2,1458,111,8,07/01/2022,06/30/2023
21C0001082,AMBULATORY UROSURGICAL CENTER,"401 E. JEFFERSON ST, SUITE 105",ROCKVILLE,MD,20850,,(443) 471-5872,,,,,,,,,,,,,,,,,4,,,,,
21C0001142,COLUMBIA UROLOGICAL SURGICAL CENTER LLC,"10710 CHARTER DR, STE 140",COLUMBIA,MD,21044,,(410) 772-7019,,,,,,,,,,,,,,,,,4,,,,,
21C0001152,SUMMIT AMBULATORY SURGICAL CENTER LLC,"6820 HOSPITAL DR., # 200",BALTIMORE,MD,21237,,(410) 391-6131,,,,,,,,,,,,,,,,,4,,,,,
21C0001168,SUMMIT AMBULATORY SURGICAL CENTER LLC,"3407 WILKENS AVE., # 200",BALTIMORE,MD,21229,,(410) 644-0929,,,,,,,,,,,,,,,,,4,,,,,
21C0001190,SUMMIT AMBULATORY SURGICAL CENTER LLC,"21 CROSSROADS DR., # 450",OWINGS MILLS,MD,21117,,(410) 581-8140,,,,,,,,,,,,,,,,,4,,,,,
21C0001281,SURGERY CENTER OF CHEVY CHASE,"5530 WISCONSIN AVE, SUITE 1620",CHEVY CHASE,MD,20815,,(301) 718-9800,,,,,,,,,,,,,,,,,4,,,,,
21C0001297,SUMMIT AMBULATORY SURGICAL CENTER LLC,"3333 N. CALVERT ST., # 600",BALTIMORE,MD,21218,,(410) 467-7665,,,,,,,,,,,,,,,,,4,,,,,
21C0001362,SUMMIT AMBULATORY SURGICAL CENTER LLC,"18109 PRICE PHILIP DR., # 270",SILVER SPRING,MD,20906,,(301) 774-2525,,,,,,,,,,,,,,,,,4,,,,,
21C0001421,SALISBURY URO SURGERY CENTER LLC,1342 S. DIVISION ST.,SALISBURY,MD,21804,,(410) 546-2133,,,,,,,,,,,,,,,,,4,,,,,
21C0001445,SUMMIT AMBULATORY SURGICAL CENTER LLC,"21 CROSSROADS DR., # 220",OWINGS MILLS,MD,21117,,(410) 581-1600,,,,,,,,,,,,,,,,,4,,,,,
21C0001461,SUMMIT AMBULATORY SURGICAL CENTER LLC,"826 WASHINGTON RD., # 215",WESTMINSTER,MD,21157,,(410) 876-1633,,,,,,,,,,,,,,,,,4,,,,,
21C0001466,UPPER BAY SURGERY CENTER LLC,360 EAST PULASKI HWY SUITE 2A,ELKTON,MD,21921,,(410) 620-3348,98,2,0,99,90,8,2,94,88,11,1,95,86,13,1,95,,1391,373,27,07/01/2022,06/30/2023
21C0001476,SURGCENTER OF GLEN BURNIE LLC,308 HOSPITAL DR SUITE 102,GLEN BURNIE,MD,21061,,(410) 760-8100,96,4,0,98,89,8,3,93,87,11,2,94,82,16,2,93,,1349,375,28,07/01/2022,06/30/2023
21C0001477,WESTMINSTER SURGERY CENTER,826 WASHINGTON RD STE 131,WESTMINSTER,MD,21157,,(410) 871-9440,98,2,0,99,94,5,1,96,92,8,0,96,87,12,1,95,,947,381,40,07/01/2022,06/30/2023
21C0001491,MAPLE LAWN SURGERY CENTER,7625 MAPLE LAWN BLVD STE. 110,FULTON,MD,20759,,(301) 490-5025,98,2,0,99,94,5,1,96,91,7,2,96,91,8,1,96,,1309,369,28,07/01/2022,06/30/2023
21C0001494,SURGCENTER OF SOUTHERN MARYLAND,9001 WOODYARD RD SUITE B,CLINTON,MD,20735,,(301) 868-4950,97,3,0,98,90,8,2,94,81,14,5,92,76,20,4,90,,1338,407,30,07/01/2022,06/30/2023
21C0001496,SUMMIT AMBULATORY SURGICAL CENTER LLC,"201 PLUMTREE RD.,  # 200",BEL AIR,MD,21015,,(410) 803-0089,,,,,,,,,,,,,,,,,4,,,,,
21C0001498,TIMONIUM SURGERY CENTER LLC,"1954 GREENSPRING DR, LL18",TIMONIUM,MD,21093,,(410) 560-3301,96,4,0,98,91,7,2,95,88,10,2,95,83,15,2,93,,1353,429,32,07/01/2022,06/30/2023
21C0001508,PICCARD SURGERY CENTER LLC,1330 PICCARD DR STE 102,ROCKVILLE,MD,20850,,(301) 208-7350,96,4,0,98,88,10,2,93,87,12,1,95,85,13,2,94,,1360,310,23,07/01/2022,06/30/2023
21C0001519,SURGCENTER OF WHITE MARSH LLC,11605 CROSSROADS CIR,BALTIMORE,MD,21220,,(410) 344-0003,,,,,,,,,,,,,,,,,4,,,,,
21C0001524,LEONARDTOWN SURGERY CENTER LLC,"40900 MERCHANTS LANE, SUITE 200",LEONARDTOWN,MD,20650,,(301) 690-2203,97,3,0,98,94,5,1,96,89,10,1,95,87,11,2,95,,1362,375,28,07/01/2022,06/30/2023
21C0001525,HAGERSTOWN SURGERY CENTER LLC,11236 ROBINWOOD DR SUITE 201,HAGERSTOWN,MD,21742,,(240) 347-4836,98,2,0,99,89,9,2,94,86,12,2,94,84,14,2,94,,901,302,34,07/01/2022,06/30/2023
21C0001531,SURGCENTER OF SILVER SPRING LLC,8710 CAMERON ST STE 100,SILVER SPRING,MD,20910,,(301) 326-2921,,,,,,,,,,,,,,,,,4,,,,,
21C0001538,ADVANCED SURGERY CENTER OF BETHESDA LLC,6430 ROCKLEDGE DR SUITE 160,BETHESDA,MD,20817,,(301) 312-6144,94,5,1,97,89,9,2,93,74,21,5,89,71,23,6,88,,1359,254,19,07/01/2022,06/30/2023
21C0001539,GAITHERSBURG AMBULATORY SURGERY CENTER,655 WATKINS MILL RD,GAITHERSBURG,MD,20879,,(301) 816-6812,98,2,0,99,95,4,1,97,91,8,1,96,88,10,2,94,,2973,897,30,07/01/2022,06/30/2023
21C0001551,MONOCACY SURGERY CENTER LLC,4991 NEW DESIGN RD SUITE 103,FREDERICK,MD,21703,,(301) 363-5858,98,2,0,99,91,8,1,95,92,7,1,96,91,8,1,97,,1065,308,29,07/01/2022,06/30/2023
21C0001556,KAISER FOUNDATION HEALTH PLAN OF THE MID-ATLANTIC STATES INC,1221 MERCANTILE LANE,LARGO,MD,20774,,(301) 618-5500,96,4,0,98,94,5,1,97,87,10,3,95,82,15,3,92,,3219,884,27,07/01/2022,06/30/2023
21C0001560,SOUTH BALTIMORE COUNTY ASC LBN KAISER FOUNDATION HEALTH PLAN OF THE MID-ATLANTIC STATES INC,1701 TWIN SPRINGS RD,HALETHORPE,MD,21227,,(301) 816-2424,95,4,1,97,91,7,2,95,86,11,3,94,80,16,4,91,,2305,644,28,07/01/2022,06/30/2023
21C0001566,POTOMAC VIEW SURGERY CENTER LLC,6710 OXON HILL RD SUITE 150,OXON HILL,MD,20745,,(240) 766-2734,,,,,,,,,,,,,,,,,4,,,,,
21C0001568,POINT OF ROCKS SURGERY CENTER LLC,1901 LOCKHOUSE DR,POINT OF ROCKS,MD,21777,,(301) 874-2211,98,2,0,99,93,6,1,96,91,9,0,96,88,11,1,96,,742,241,33,07/01/2022,06/30/2023
21C0001575,SURGCENTER OF THE POTOMAC LLC,6508 ROCK SPRING DR STE 100,BETHESDA,MD,20817,,(240) 783-0282,97,2,1,98,89,8,3,93,82,14,4,92,72,24,4,89,,656,149,23,07/01/2022,06/30/2023
21C0001580,SUMMIT AMBULATORY SURGICAL CENTER LLC,"7704 MATAPEAKE BUSINESS DRIVE, # 300",BRANDYWINE,MD,20613,,(301) 645-8838,,,,,,,,,,,,,,,,,4,,,,,
21C0001581,HARBOR HEIGHTS SURGERY CENTER,6710 OXON HILL RD SUITE 500,OXON HILL,MD,20745,,(240) 493-7533,,,,,,,,,,,,,,,,,4,,,,,
21C0001583,GLEN ECHO SURGERY CENTER,5550 FRIENDSHIP BLVD SUITE 100,CHEVY CHASE,MD,20815,,(240) 534-2972,96,4,0,98,93,6,1,96,91,6,3,95,83,14,3,93,,950,199,21,07/01/2022,06/30/2023
21C0001587,SUMMIT AMBULATORY SURGICAL CENTER LLC,"7580 BUCKINGHAM BLVD, SUITE 100",HANOVER,MD,21076,,(443) 738-8124,,,,,,,,,,,,,,,,,4,,,,,
21C0001590,DIALYSIS ACCESS SERVICES LLC,1666 SULPHUR SPRINGS RD,BALTIMORE,MD,21227,,(410) 536-5400,96,3,1,98,90,9,1,95,88,11,1,95,84,13,3,93,3,522,85,16,07/01/2022,06/30/2023
21C0001594,DIALYSIS ACCESS SERVICES LLC,2405 YORK RD SUITE 100,TIMONIUM,MD,21093,,(410) 536-5400,95,3,2,97,88,7,5,92,88,7,5,94,82,10,8,90,3,455,57,13,07/01/2022,06/30/2023
21C0001611,SUMMIT AMBULATORY SURGICAL CENTER,19851 OBSERVATION DRIVE SUITE 455,GERMANTOWN,MD,20876,,(000) 000-0000,,,,,,,,,,,,,,,,,4,,,,,
21C0001632,SUMMIT AMBULATORY SURGICAL CENTER LLC,810 BESTGATE ROAD SUITE 200,ANNAPOLIS,MD,21401,,(000) 000-0000,,,,,,,,,,,,,,,,,4,,,,,
22C0001011,ARC WORCESTER CENTER LP DBA WORCESTER SURGICAL CENTER,300 GROVE ST,WORCESTER,MA,01605,,(508) 754-0700,96,3,1,98,91,8,1,95,86,12,2,95,85,13,2,94,,1155,398,34,07/01/2022,06/30/2023
22C0001023,CATARACT AND LASER CENTER WEST LLC,171 INTERSTATE DR,WEST SPRINGFIELD,MA,01089,,(413) 737-5500,,,,,,,,,,,,,,,,,4,,,,,
23C0001020,SURGICAL CARE CENTER OF MICHIGAN,750 EAST BELTLINE NE,GRAND RAPIDS,MI,49525,,(616) 588-6520,96,3,1,98,84,13,3,91,89,8,3,95,89,9,2,95,,1388,342,25,07/01/2022,06/30/2023
23C0001027,LAKE LANSING ASC PARTNERS LLC,1707 LAKE LANSING RD,LANSING,MI,48912,,(517) 708-3363,,,,,,,,,,,,,,,,,4,,,,,
23C0001031,GENESIS SURGERY CENTER,3400 E JOLLY RD,LANSING,MI,48910,,(517) 272-1063,95,4,1,97,92,7,1,96,89,9,2,95,87,12,1,96,,632,202,39,07/01/2022,06/30/2023
23C0001053,EAST PARIS SURGICAL CENTER LLC,1000 EAST PARIS AVE S.E.,GRAND RAPIDS,MI,49546,,(616) 464-3430,97,3,0,98,88,10,2,93,90,9,1,96,91,8,1,96,,1459,341,24,07/01/2022,06/30/2023
23C0001080,WALKER SURGICAL CENTER LLC,3300 WALKER VIEW DR.,WALKER,MI,49544,,(616) 588-6560,98,2,0,99,91,8,1,95,96,4,0,98,94,5,1,98,,1454,397,28,07/01/2022,06/30/2023
23C0001085,TOWNE CENTRE SURGERY CENTER LLC,4599 TOWN CENTER RD.,SAGINAW,MI,48604,,(989) 497-3096,97,3,0,99,87,10,3,92,91,8,1,96,90,9,1,96,,1886,422,23,07/01/2022,06/30/2023
23C0001109,CLARKSTON SURGERY CENTER,5701 BOW POINTE DR,CLARKSTON,MI,48346,,(248) 922-4800,99,1,0,99,90,8,2,94,89,8,3,95,86,13,1,95,,1143,395,35,07/01/2022,06/30/2023
23C0001114,SURGICAL INSTITUTE OF MONROE,1051 SOUTH TELEGRAPH RD,MONROE,MI,48161,,(734) 244-5383,99,1,0,99,91,7,2,94,91,8,1,96,87,12,1,95,,1476,587,40,07/01/2022,06/30/2023
23C0001128,RED CEDAR SURGERY CENTER PLLC,5668 OKEMOS RD,HASLETT,MI,48840,,(517) 481-2883,,,,,,,,,,,,,,,,,4,,,,,
23C0001139,HEALTH POINTE,15100 WHITTAKER WAY,GRAND HAVEN,MI,49417,,(616) 935-6329,98,2,0,99,93,6,1,96,91,8,1,95,85,14,1,95,,2129,513,24,07/01/2022,06/30/2023
24C0001010,WILLMAR SURGERY CENTER,1320 SOUTH FIRST ST,WILLMAR,MN,56201,,(320) 235-6506,98,2,0,99,93,6,1,96,88,10,2,95,83,16,1,93,,2620,763,29,07/01/2022,06/30/2023
24C0001019,LANDMARK SURGERY CENTER,7115 TAMARACK RD SUITE 200,WOODBURY,MN,55125,,(651) 261-1717,98,2,0,99,92,6,2,95,91,8,1,96,88,11,1,96,,1458,472,32,07/01/2022,06/30/2023
24C0001052,ILBNC SPECIAL PROCEDURES,15700 37TH AVE N STE. 210,PLYMOUTH,MN,55446,,(952) 814-6644,98,2,0,99,93,5,2,96,91,7,2,95,85,12,3,94,,1105,312,28,07/01/2022,06/30/2023
24C0001060,CENTRACARE SURGERY CENTER LLC,1900 CENTRACARE CIR,ST CLOUD,MN,56303,,(320) 229-4964,98,2,0,99,93,6,1,96,91,7,2,95,86,13,1,95,,2867,897,31,07/01/2022,06/30/2023
24C0001078,VADNAIS HEIGHTS SURGERY CENTER,3580 ARCADE ST,VADNAIS HEIGHTS,MN,55127,,(651) 968-5662,98,2,0,99,90,9,1,95,93,6,1,96,89,10,1,96,,1417,584,41,07/01/2022,06/30/2023
24C0001091,EAGAN SURGERY CENTER,2620 EAGAN WOODS DR,EAGAN,MN,55121,,(651) 968-5662,99,1,0,99,92,7,1,95,91,8,1,95,89,10,1,96,,1196,456,38,07/01/2022,06/30/2023
25C0001028,SOUTHERN SURGERY CENTER,3688 VETERANS MEMORIAL DR SUITE 100,HATTIESBURG,MS,39401,,(601) 554-7533,98,2,0,99,95,4,1,97,96,4,0,97,96,3,1,98,,907,339,38,07/01/2022,06/30/2023
25C0001046,COLUMBUS ORTHOPAEDIC OUTPATIENT CENTER,640 LEIGH DR,COLUMBUS,MS,39705,,(662) 328-7123,97,3,0,98,94,4,2,96,90,8,2,96,88,10,2,95,,805,253,31,07/01/2022,06/30/2023
25C0001058,CENTER FOR DIGESTIVE HEALTH LLC,589 GARFIELD ST,TUPELO,MS,38801,,(662) 377-4173,98,2,0,99,92,6,2,95,92,6,2,96,90,8,2,96,,1531,399,26,07/01/2022,06/30/2023
26C0001021,CREEKWOOD SURGERY CENTER LP,211 NORTHEAST 54TH ST SUITE 100,KANSAS CITY,MO,64118,,(816) 988-2553,96,4,0,98,91,7,2,94,86,11,3,94,83,15,2,94,,1479,393,27,07/01/2022,06/30/2023
26C0001028,SAINT LUKES GI DIAGNOSTICS LLC,4321 WASHINGTON STE. 5600,KANSAS CITY,MO,64111,,(816) 416-8353,95,4,1,97,90,8,2,94,87,10,3,94,84,14,2,94,,1613,428,27,07/01/2022,06/30/2023
26C0001060,SOUTH COUNTY OUTPATIENT ENDOSCOPY SERVICES LP DBA SOUTH COUNTY OUTPATIENT ENDOSCOPY SERVICES,5139 MATTIS RD  SUITE 100,ST LOUIS,MO,63128,,(314) 729-9780,97,2,1,98,93,6,1,96,91,7,2,96,88,10,2,95,,1156,500,43,07/01/2022,06/30/2023
26C0001061,DES PERES SQUARE SURGERY CENTER,1050 OLD DES PERES RD. STE. 150,ST LOUIS,MO,63131,,(314) 569-2918,97,3,0,98,92,7,1,95,87,11,2,94,84,14,2,94,,3092,921,30,07/01/2022,06/30/2023
26C0001066,MIDWEST DIGESTIVE HEALTH CENTER LLC,3601 NORTHEAST RALPH POWELL RD,LEES SUMMIT,MO,64064,,(816) 251-1255,99,1,0,99,95,4,1,97,94,5,1,97,92,7,1,97,,1592,440,28,07/01/2022,06/30/2023
26C0001069,BRIARCLIFF AMBULATORY SURGERY CENTER LP DBA BRIARCLIFF SURGERY CENTER,4150 NORTH MULBERRY DR SUITE 100,KANSAS CITY,MO,64116,,(816) 214-4364,99,1,0,99,94,5,1,97,91,8,1,96,90,9,1,96,,1388,368,27,07/01/2022,06/30/2023
26C0001080,MID RIVERS SURGERY CENTER,5401 VETERANS MEMOIRAL PARKWAY,ST PETERS,MO,63376,,(636) 441-0906,95,4,1,97,91,7,2,94,88,10,2,95,90,8,2,96,,616,173,28,07/01/2022,06/30/2023
26C0001082,CHESTERFIELD SURGERY CENTER,17050 BAXTER RD SUITE 110,CHESTERFIELD,MO,63005,,(636) 537-0122,97,3,0,98,92,6,2,95,88,9,3,95,85,13,2,94,,1066,339,32,07/01/2022,06/30/2023
26C0001087,ADVANCED AMBULATORY SURGICAL CARE LP,"10448 OLD OLIVE ST RD, SUITE 100",CREVE COEUR,MO,63141,,(314) 743-8091,98,2,0,99,94,5,1,96,90,8,2,96,86,11,3,94,,957,246,26,07/01/2022,06/30/2023
26C0001088,SURGERY CENTER OF COLUMBIA LP,305 NORTH KEENE ST SUITE 107,COLUMBIA,MO,65201,,(573) 256-6272,98,1,1,99,93,6,1,96,86,12,2,95,85,14,1,94,,708,311,44,07/01/2022,06/30/2023
26C0001097,RIVERSIDE AMBULATORY SURGERY CENTER,100 VILLAGE SQUARE,HAZELWOOD,MO,63042,,(314) 373-8931,97,2,1,98,92,6,2,95,89,8,3,95,85,13,2,94,,1825,494,27,07/01/2022,06/30/2023
26C0001109,WEBSTER AMBULATORY SURGERY CENTER LP,520 S. ELM AVE.,WEBSTER GROVES,MO,63119,,(314) 962-3464,99,1,0,99,92,7,1,96,90,9,1,96,85,13,2,94,,1037,310,30,07/01/2022,06/30/2023
26C0001112,FRONTENAC AMBULATORY SURGERY AND SPINE CARE CENTER LP DBA FRONTENAC SURGERY AND SPINE CARE CENTER,10435 CLAYTON RD SUITE 110,FRONTENAC,MO,63131,,(314) 995-3990,98,2,0,99,91,8,1,95,92,7,1,96,89,10,1,96,,1349,375,28,07/01/2022,06/30/2023
26C0001116,GATEWAY ENDOSCOPY CENTER LP,12855 N. 40 DR. STE. 150,ST LOUIS,MO,63141,,(314) 336-1130,99,1,0,100,94,5,1,96,96,3,1,98,94,5,1,98,,1180,424,36,07/01/2022,06/30/2023
26C0001117,TWIN CITIES AMBULATORY SURGERY CENTER LP,1101 W. GANNON DR.,FESTUS,MO,63028,,(636) 931-5997,97,3,0,98,91,7,2,94,89,7,4,94,85,11,4,93,,848,314,37,07/01/2022,06/30/2023
26C0001138,OLD TESSON SURGERY CENTER,12639 OLD TESSON SUITE 130,ST. LOUIS,MO,63128,,(314) 748-4225,97,2,1,98,90,8,2,94,87,11,2,95,85,14,1,95,,708,283,40,07/01/2022,06/30/2023
26C0001148,EMERSON SURGERY CENTER LLC,"633 EMERSON RD, SUITE 140",ST LOUIS,MO,63141,,(314) 991-9922,99,1,0,99,93,6,1,96,94,5,1,97,94,5,1,97,,1067,349,33,07/01/2022,06/30/2023
26C0001157,NORTH CAMPUS SURGERY CENTER LLC,"633 EMERSON RD., SUITE 120",CREVE COEUR,MO,63141,,(314) 991-2090,97,2,1,98,93,6,1,96,77,23,0,94,78,19,3,91,3,150,47,31,07/01/2022,06/30/2023
26C0001162,TOTAL JOINT CENTER OF THE NORTHLAND,200 NORTHEAST 54TH ST SUITE 200,KANSAS CITY,MO,64118,,(816) 499-8500,98,2,0,99,92,6,2,95,91,8,1,96,91,8,1,96,,446,248,56,07/01/2022,06/30/2023
26C0001167,ADVANCED SURGICAL CARE OF ST. LOUIS LLC,232 MAYFAIR PLAZA SHOPPING CENTER,FLORISSANT,MO,63033,,(314) 736-4344,,,,,,,,,,,,,,,,,4,,,,,
27C0001020,YELLOWSTONE SURGERY CENTER LLC,1144 N. 28TH ST.,BILLINGS,MT,59101,,(406) 237-5900,97,2,1,98,92,7,1,95,89,9,2,95,89,10,1,96,,1260,355,28,07/01/2022,06/30/2023
27C0001028,YELLOWSTONE SURGERY CENTER LLC DBA YELLOWSTONE SURGERY CENTER WEST,1739 SPRING CREEK DRIVE,BILLINGS,MT,59102,,(000) 000-0000,,,,,,,,,,,,,,,,,4,,,,,
27C0001029,WEST BOZEMAN SURGERY CENTER LLC DBA BOZEMAN OUTPATIENT SURGERY CENTER,875 SOUTH COTTONWOOD ROAD SUITE 100,BOZEMAN,MT,59718,,(000) 000-0000,98,2,0,99,92,7,1,95,88,10,2,95,86,13,1,94,,1741,607,35,07/01/2022,06/30/2023
28C0001032,NORTH PLATTE SURGERY CENTER LLC,621 WEST FRANCIS ST,NORTH PLATTE,NE,69101,,(308) 534-5400,98,2,0,99,93,6,1,96,86,11,3,94,84,15,1,94,,1223,416,34,07/01/2022,06/30/2023
29C0001036,PARKWAY SURGERY CENTER,100 NORTH GREEN VALLEY PARKWAY SUITE 125,HENDERSON,NV,89074,,(702) 616-4950,97,3,0,99,89,9,2,93,89,10,1,95,85,14,1,95,,1421,330,23,07/01/2022,06/30/2023
29C0001038,LAKE TAHOE SURGERY CENTER,212 ELKS POINT RD SUITE 201,ZEPHYR COVE,NV,89448,,(775) 588-9188,,,,,,,,,,,,,,,,,4,,,,,
29C0001073,DURANGO OUTPATIENT SURGERY CENTER,8530 WEST SUNSET RD SUITE 100,LAS VEGAS,NV,89113,,(702) 789-5700,98,2,0,99,91,7,2,95,93,6,1,96,89,8,3,94,,1069,187,17,07/01/2022,06/30/2023
29C0001102,PARKWAY SURGERY CENTER DBA PARKWAY SURGERY CENTER AT HORIZON RIDGE,10561 JEFFREYS ST SUITE 130,HENDERSON,NV,89052,,(702) 724-8900,96,4,0,98,89,9,2,93,86,11,3,94,82,15,3,92,,1486,322,22,07/01/2022,06/30/2023
30C0001014,DARTMOUTH-HITCHCOCK AMBULATORY SURGERY CENTER,100 HITCHCOCK WAY,MANCHESTER,NH,03104,,(603) 629-8127,99,1,0,99,93,6,1,96,94,5,1,97,90,9,1,96,,2325,638,27,07/01/2022,06/30/2023
30C0001031,DARTMOUTH HITCHCOCK NASHUA ENDOSCOPY CENTER,2300 SOUTHWOOD DR,NASHUA,NH,03063,,(603) 629-8127,99,1,0,99,93,6,1,96,90,9,1,96,91,8,1,96,,1511,421,28,07/01/2022,06/30/2023
30C0001042,NORTH ATLANTIC SURGICAL SUITES LLC,23 KEEYWAYDIN DRIVE,SALEM,NH,03079,,(603) 386-0272,98,2,0,99,92,6,2,95,92,6,2,96,88,11,1,95,,909,487,54,07/01/2022,06/30/2023
30C0001043,MINIMALLY INVASIVE SURGERY CENTER OF NEW ENGLAND,4 HAWTHORNE DRIVE,BEDFORD,NH,03079,,(000) 000-0000,,,,,,,,,,,,,,,,,4,,,,,
30C0001044,ATLANTIC COAST SURGICAL SUITES LLC,325-2 LAFAYETTE RD,SEABROOK,NH,03874,,(603) 218-1793,98,2,0,99,93,6,1,96,94,5,1,96,88,11,1,95,,458,208,45,07/01/2022,06/30/2023
31C0001035,BERGEN GASTROENTEROLOGY PC,"466 OLD HOOK RD, SUITE 1",EMERSON,NJ,07630,,(201) 967-8221,97,3,0,98,90,7,3,94,86,12,2,93,84,14,2,94,,1207,316,26,07/01/2022,06/30/2023
31C0001099,SHORE OUTPATIENT SURGICENTER LLC,360 ROUTE 70,LAKEWOOD,NJ,08201,,(732) 942-9835,97,3,0,98,87,9,4,92,88,11,1,94,84,14,2,94,,1104,340,31,07/01/2022,06/30/2023
31C0001118,CENTRAL JERSEY SURGERY CENTER LLC,97 CORBETT WAY,EATONTOWN,NJ,07724,,(732) 460-2777,,,,,,,,,,,,,,,,,4,,,,,
31C0001126,SHREWSBURY SURGERY CENTER,655 SHREWSBURY AVE,SHREWSBURY,NJ,07702,,(732) 450-6000,99,1,0,99,91,7,2,95,92,7,1,96,92,8,0,97,,1569,450,29,07/01/2022,06/30/2023
31C0001147,SAME DAY SURGERY CENTER OF CENTRAL JERSEY LLC,225 MAY ST. UNIT C,EDISON,NJ,08837,,(732) 661-0570,97,3,0,98,91,6,3,94,85,13,2,94,84,14,2,94,,1637,365,22,07/01/2022,06/30/2023
31C0001150,ORTHOPAEDIC SURGERY CENTER OF NORTHWEST JERSEY LLC,3130 ROUTE 10 WEST STE. 200,DENVILLE,NJ,07834,,(973) 328-3475,96,3,1,98,90,8,2,94,86,12,2,94,85,13,2,94,,1341,378,28,07/01/2022,06/30/2023
31C0001152,HACKENSACK ENDOSCOPY CENTER,170 PROSPECTIVE AVE. STE 10,HACKENSACK,NJ,07601,,(201) 498-0030,97,3,0,98,89,7,4,93,90,8,2,95,92,7,1,96,,950,269,28,07/01/2022,06/30/2023
31C0001153,TOMS RIVER SURGERY CENTER,1430 HOOPER AVE SUITE 301,TOMS RIVER,NJ,08753,,(732) 240-2277,98,2,0,99,92,7,1,96,94,5,1,97,88,10,2,95,,1133,375,33,07/01/2022,06/30/2023
31C0001160,HAMILTON ENDOSCOPY AND SURGERY CENTER LLC,"1235 WHITE HORSE MERCERVILLE RD, SUITE 310",HAMILTON,NJ,08619,,(609) 581-6610,96,4,0,98,87,10,3,92,87,10,3,94,86,11,3,94,,753,229,30,07/01/2022,06/30/2023
31C0001162,SUBURBAN ENDOSCOPY CENTER LLC,799 BLOOMFIELD AVE.,VERONA,NJ,07044,,(973) 571-1600,98,2,0,99,92,5,3,95,94,5,1,97,92,7,1,97,,1247,289,23,07/01/2022,06/30/2023
31C0001193,LAKEWOOD SURGERY CENTER LLC,1215 ROUTE 70 SUITE 2000,LAKEWOOD,NJ,08701,,(732) 719-1800,97,3,0,98,91,8,1,95,88,11,1,95,81,18,1,93,,1736,545,31,07/01/2022,06/30/2023
31C0001197,METROPOLITAN NEW JERSEY LLC DBA METROPOLITAN SURGERY CENTER,433 HACKENSACK AVE,HACKENSACK,NJ,07601,,(201) 527-6800,96,3,1,98,89,8,3,93,84,14,2,94,81,17,2,93,,1541,341,22,07/01/2022,06/30/2023
31C0001199,CENTER FOR BONE AND JOINT SURGERY DBA NORTHERN MONMOUTH REGIONAL SURGERY CENTER LLC,195 ROUTE 9 SOUTH SUITE 210,MANALAPAN,NJ,07726,,(732) 921-2305,98,2,0,99,89,9,2,94,89,10,1,96,87,12,1,95,,938,301,32,07/01/2022,06/30/2023
31C0001205,PARAMUS ENDOSCOPY LLC DBA ENDOSCOPY CENTER OF BERGEN COUNTY,80 EISENHOWER DR SUITE 100,PARAMUS,NJ,07652,,(201) 336-1100,98,2,0,99,89,8,3,93,91,8,1,96,91,8,1,97,,1488,378,25,07/01/2022,06/30/2023
31C0001216,SOMERSET AMBULATORY SURGICAL CENTER,1 HWY 206 N,SOMERVILLE,NJ,08876,,(908) 393-8360,98,2,0,99,89,9,2,94,91,8,1,96,89,9,2,95,,1099,311,28,07/01/2022,06/30/2023
31C0001218,MILLENNIUM SURGICAL CENTER LLC,"2090 SPRINGDALE RD., SUITE A",CHERRY HILL,NJ,08003,,(856) 751-4555,97,2,1,98,94,4,2,96,88,9,3,95,87,11,2,95,,1932,385,20,07/01/2022,06/30/2023
31C0001253,KHS AMBULATORY SURGICAL CENTER,405 HURFFVILLE-CROSSKEYS RD SUITE 210,SEWELL,NJ,08080,,(856) 582-2072,98,2,0,99,93,6,1,96,90,8,2,96,88,11,1,95,,1568,583,37,07/01/2022,06/30/2023
31C0001261,COASTAL ENDO LLC,175 GUNNING RIVER RD,BARNEGAT,NJ,08005,,(609) 698-0700,98,2,0,99,95,4,1,97,93,5,2,96,91,8,1,96,,1473,435,30,07/01/2022,06/30/2023
31C0001269,SURGICAL SPECIALISTS AT PRINCETON LLC,136 MAIN ST. STE. 100,PRINCETON,NJ,08540,,(609) 853-2261,98,2,0,99,92,6,2,95,89,10,1,95,89,10,1,96,,1497,404,27,07/01/2022,06/30/2023
31C0001305,VANGUARD SURGICAL CENTER LLC,113 ESSEX ST.,MAYWOOD,NJ,07607,,(201) 291-9100,99,1,0,99,95,4,1,97,93,5,2,97,92,7,1,97,,1345,421,31,07/01/2022,06/30/2023
32C0001107,NEW MEXICO ORTHOPAEDIC SURGERY CENTER LP DBA NEW MEXICO ORTHOPAEDIC SURGERY CENTER,201 CEDAR ST SOUTHEAST SUITE 7650,ALBUQUERQUE,NM,87106,,(505) 724-4394,96,3,1,98,90,8,2,94,87,11,2,94,84,14,2,93,,1631,466,29,07/01/2022,06/30/2023
32C0001127,PRESBYTERIAN HOSPITAL ASC,201 CEDAR ST SOUTHEAST SUITE 7650,ALBUQUERQUE,NM,87106,,(505) 357-3567,98,2,0,99,90,8,2,94,89,10,1,95,83,16,1,94,,1019,243,24,07/01/2022,06/30/2023
32C0001129,PRESBYTERIAN RUST MEDICAL CENTER ASC LLC DBA NEW MEXICO SURGERY CENTER MULTI SPECIALTY,2400 UNSER BOULEVARD SOUTHEAST SUITE 09100B,RIO RANCHO,NM,87124,,(000) 000-0000,95,4,1,97,92,6,2,95,89,9,2,95,87,12,1,96,,1220,314,26,07/01/2022,06/30/2023
34C0001159,PRIVATE DIAGNOSTIC CLINIC PLLC,"BRIER CREEK MEDICAL PAVILLION, 10207 CERNY ST., ST",RALEIGH,NC,27617,,(919) 660-0620,98,2,0,99,94,5,1,97,95,3,2,97,90,8,2,96,,1264,239,19,07/01/2022,06/30/2023
34C0001165,WAKE ENDOSCOPY CENTER LLC,2601 LAKE DR. S 201,RALEIGH,NC,27607,,(919) 341-3529,97,3,0,98,90,8,2,94,83,15,2,94,88,11,1,96,,2577,274,11,07/01/2022,06/30/2023
34C0001174,REX SURGERY CENTER OF CARY LLC,1505 SOUTHWEST CARY PARKWAY SUITE 100,CARY,NC,27511,,(804) 814-9753,99,1,0,99,91,8,1,95,89,10,1,95,88,11,1,96,,3045,712,23,07/01/2022,06/30/2023
34C0001189,CAROLINA DIGESTIVE CARE,107 B MICA AVE,MORGANTON,NC,28655,,(828) 588-1166,97,3,0,99,90,8,2,94,90,7,3,96,86,12,2,94,2,779,217,28,07/01/2022,06/30/2023
34C0001218,SUMMIT HEALTH PARTNERS LLC DBA WESTERN CAROLINA SURGERY CENTER,30 AIRPORT PARK ROAD,FLETCHER,NC,28732,,(828) 900-0220,,,,,,,,,,,,,,,,,4,,,,,
35C0001004,TRINITY HEALTH,1102 MAIN ST,WILLISTON,ND,58801,,(701) 572-7711,98,2,0,99,95,4,1,97,91,8,1,96,90,9,1,96,,543,218,40,07/01/2022,06/30/2023
36C0001051,OSU INTERNAL MEDICINE LLC,"3900 STONERIDGE LANE, SUITE D",DUBLIN,OH,43017,,(614) 366-5001,,,,,,,,,,,,,,,,,4,,,,,
36C0001080,TAYLOR STATION SURGICAL CENTER LTD,6150 EAST BROAD ST,COLUMBUS,OH,43213,,(614) 546-4777,,,,,,,,,,,,,,,,,4,,,,,
36C0001097,REYNOLDS ROAD SURGICAL CENTER LTD DBA WILDWOOD SURGICAL CENTER,"2865 NORTH REYNOLDS RD, SUITE 190",TOLEDO,OH,43615,,(419) 578-7547,98,2,0,99,92,7,1,96,91,8,1,96,87,12,1,95,,1655,583,35,07/01/2022,06/30/2023
36C0001155,NEW HORIZONS SURGERY CENTER LLC,1167 INDEPENDENCE AVE.,MARION,OH,43302,,(740) 375-5854,99,1,0,99,94,5,1,96,93,6,1,96,90,8,2,95,,1387,472,34,07/01/2022,06/30/2023
36C0001222,THE CHRIST HOSPITAL SPINE SURGERY CENTER LLC,4020 SMITH RD,NORWOOD,OH,45209,,(513) 619-5899,98,2,0,99,96,3,1,98,93,5,2,96,93,6,1,97,,1145,436,38,07/01/2022,06/30/2023
36C0001294,NORTHPOINTE SURGICAL SUITES LLC,3250 NORTHPOINTE DR,ZANESVILLE,OH,43701,,(740) 487-1823,98,2,0,99,93,6,1,96,92,8,0,96,89,10,1,96,,1277,583,46,07/01/2022,06/30/2023
36C0001301,LANCASTER SPECIALTY SURGERY CENTER,3056 COLUMBUS LANCASTER ROAD NW,LANCASTER,OH,43130,,(740) 974-2731,99,1,0,99,91,8,1,95,93,6,1,96,87,12,1,95,,489,189,39,07/01/2022,06/30/2023
36C0001306,TRIHEALTH SURGERY CENTER -- ANDERSON,7810 FIVE MILE ROAD SUITE B,CINCINNATI,OH,45230,,(000) 000-0000,98,2,0,99,93,5,2,96,95,4,1,97,90,9,1,96,,376,105,28,07/01/2022,06/30/2023
36C0001308,ONYX AND PEARL SURGICAL SUITES LLC,465 NORTH CLEVELAND AVE SUITE 150,WESTERVILLE,OH,43082,,(614) 918-0030,,,,,,,,,,,,,,,,,4,,,,,
36C0001326,WHEELING HOSPITAL AMBULATORY SURGERY CENTER LLC,68 STATE ROUTE 7,BRIDGEPORT,OH,43912,,(740) 676-6600,98,1,1,99,94,5,1,96,93,6,1,97,94,5,1,97,,1777,217,12,07/01/2022,06/30/2023
36C0001327,THREE GABLES SURGERY CENTER,5897 COUNTY ROAD 107,PROCTORVILLE,OH,45669,,(000) 000-0000,95,4,1,97,90,8,2,94,88,9,3,94,87,11,2,95,,1063,254,24,07/01/2022,06/30/2023
36C0001343,OSU WEXNER MEDICAL CENTER AMUBLATORY SURGERY CENTER NEW ALBANY,6100 NORTH HAMILTON ROAD 2ND FLOOR SUITE 2D,WESTERVILLE,OH,43081,,(614) 814-8434,98,2,0,99,94,5,1,97,94,5,1,97,91,8,1,96,,8660,1830,21,07/01/2022,06/30/2023
37C0001055,USPI MEMORIAL SURGERY CENTER,8131 SOUTH MEMORIAL DR SUITE 107,TULSA,OK,74133,,(918) 249-7921,97,3,0,98,89,8,3,93,88,10,2,95,84,15,1,94,,1162,390,34,07/01/2022,06/30/2023
38C0001030,INTERSTATE AMBULATORY SURGERY CENTER,3500 N INTERSTATE AVE.,PORTLAND,OR,97227,,(971) 310-3089,97,2,1,98,93,6,1,96,89,9,2,95,87,11,2,95,,2433,925,38,07/01/2022,06/30/2023
38C0001032,SKYLINE AMBULATORY SURGERY CENTER,5125 SKYLINE RD. SOUTH,SALEM,OR,97306,,(971) 310-3082,97,3,0,98,91,7,2,95,88,10,2,95,86,12,2,94,,2336,818,35,07/01/2022,06/30/2023
38C0001046,NGC ENDOSCOPY SERVICES LLC,1130 NORTHWEST 22ND AVE  6TH FLOOR  SUITE 615,PORTLAND,OR,97210,,(503) 229-7137,98,2,0,99,90,8,2,94,84,13,3,93,83,14,3,93,,1155,333,29,07/01/2022,06/30/2023
38C0001054,CASCADE SPINE CENTER LLC,6464 SOUTHWEST BORLAND RD SUITE A1,TUALATIN,OR,97062,,(971) 404-3366,98,2,0,99,94,5,1,97,89,9,2,95,85,13,2,94,,893,308,34,07/01/2022,06/30/2023
38C0001056,CENTER FOR SPECIALTY SURGERY LLC,11782 SW BARNES RD. #200,PORTLAND,OR,97225,,(503) 906-4306,97,3,0,98,91,8,1,95,87,11,2,94,87,11,2,95,,3151,794,25,07/01/2022,06/30/2023
38C0001067,NORTHWEST AMBULATORY SURGERY CENTER LLC,1515 NORTHWEST 18TH AVE SUITE 200,PORTLAND,OR,97209,,(503) 542-4873,98,2,0,99,92,7,1,96,91,8,1,96,88,11,1,95,,1082,355,33,07/01/2022,06/30/2023
38C0001074,EAST PORTLAND SURGERY CENTER LLC,9200 SOUTHEAST 91ST AVE SUITE 100,PORTLAND,OR,97086,,(503) 772-6160,94,5,1,97,87,10,3,92,77,18,5,92,73,23,4,89,,798,247,31,07/01/2022,06/30/2023
38C0001085,KAISER PERMANENTE SUNNYBROOK SURGERY CENTER,9900 SE SUNNYSIDE RD.,CLACKAMAS,OR,97015,,(503) 571-4047,97,2,1,98,92,7,1,95,88,10,2,94,84,14,2,94,,3510,1065,30,07/01/2022,06/30/2023
39C0001017,SOUTHWESTERN AMBULATORY SURGERY CENTER LLC,"500 LEWIS RUN RD, STE.202",WEST MIFFLIN,PA,15122,,(412) 469-6964,97,3,0,99,90,8,2,94,84,14,2,94,78,21,1,92,,1360,577,42,07/01/2022,06/30/2023
39C0001099,ROY A HIMELFARB SURGERY CENTER,757 NORLAND AVE. STE. 100,CHAMBERSBURG,PA,17201,,(717) 217-6725,99,1,0,99,95,4,1,97,90,9,1,95,84,15,1,94,,1343,377,28,07/01/2022,06/30/2023
39C0001123,BERKSHIRE EYE SURGERY CENTER LP,2220 RIDGEWOOD RD.,WYOMISSING,PA,19610,,(610) 736-0144,97,3,0,99,93,6,1,96,91,8,1,96,89,10,1,96,,938,472,50,07/01/2022,06/30/2023
39C0001168,HERSHEY OUTPATIENT SURGERY CENTER LP,15 HOPE DR,HERSHEY,PA,17033,,(717) 520-8200,94,5,1,97,91,8,1,95,89,8,3,94,86,12,2,94,,1086,356,33,07/01/2022,06/30/2023
39C0001176,THE READING HOSPITAL SURGICENTER AT SPRING RIDGE LLC,2603 KEISER BLVD,WYOMISSING,PA,19610,,(484) 628-3079,99,1,0,99,94,5,1,97,96,3,1,97,92,7,1,97,,1656,389,24,07/01/2022,06/30/2023
39C0001222,EVANGELICAL COMMUNITY HOSPITAL ENDOSCOPY CENTER,90 MEDICAL PARK,LEWISBURG,PA,17837,,(570) 768-3300,99,1,0,99,91,8,1,95,91,8,1,97,95,5,0,98,3,64,37,58,07/01/2022,06/30/2023
39C0001226,GAMMA SURGERY CENTER,107 GAMMA DR SUITE 200,PITTSBURGH,PA,15238,,(412) 963-7917,97,2,1,98,93,6,1,96,92,6,2,96,85,14,1,94,,976,472,48,07/01/2022,06/30/2023
39C0001239,HAZLETON SURGERY CENTER LLC,50 MOISEY DR. STE. 100,HAZLETON,PA,18202,,(570) 501-6500,98,2,0,99,93,6,1,96,91,8,1,96,88,11,1,96,,1178,347,30,07/01/2022,06/30/2023
39C0001308,MONROEVILLE AMBULATORY SURGERY CENTER LLC,4121 MONROEVILLE BLVD,MONROEVILLE,PA,15146,,(412) 380-5624,99,1,0,99,96,4,0,98,94,5,1,97,92,7,1,97,,1433,479,33,07/01/2022,06/30/2023
39C0001314,ALLEGHENEY CLINIC DBA WEXFORD SURGERY CENTER,12311 PERRY HWY,WEXFORD,PA,15090,,(412) 380-5624,98,2,0,99,93,6,1,96,94,6,0,97,93,6,1,97,,2375,662,28,07/01/2022,06/30/2023
39C0001319,BETHEL PARK SURGERY CENTER,990 HIGBEE DR,BETHEL PARK,PA,15102,,(412) 330-6209,99,1,0,100,95,4,1,97,95,5,0,98,95,4,1,98,,1584,549,35,07/01/2022,06/30/2023
39C0001324,PREMIER AT EXTON SURGERY CENTER LLC,491 JOHN YOUNG WAY SUITE 100,EXTON,PA,19341,,(484) 872-8408,,,,,,,,,,,,,,,,,4,,,,,
39C0001334,ALLEGHENY CLINIC DBA AHN WESTMORELAND ENDOSCOPY CENTER,118 NATURE PARK RD SUITE 200,GREENSBURG,PA,15601,,(412) 330-5883,99,1,0,100,96,4,0,98,97,2,1,98,96,3,1,98,,1979,789,40,07/01/2022,06/30/2023
39C0001343,GRAND VIEW SURGERY CENTER AT HALEYSVILLE,270 MAIN ST SUITE 100,HARLEYSVILLE,PA,19438,,(267) 429-2550,98,2,0,99,91,7,2,95,91,8,1,96,89,10,1,95,,1264,556,44,07/01/2022,06/30/2023
39C0001346,BUCKS COUNTY SURGICAL SUITES,2800 KELLY RD SUITE 100,WARRINGTON,PA,18976,,(215) 607-2100,,,,,,,,,,,,,,,,,4,,,,,
42C0001004,ANMED HEALTH MEDICUS SURGERY CENTER LLC,107 PROFESSIONAL CT,ANDERSON,SC,29621,,(864) 716-7953,97,3,0,98,93,6,1,96,88,9,3,95,85,13,2,94,,968,329,34,07/01/2022,06/30/2023
42C0001017,CAROLINA SURGICAL CENTER,198 WOUTH HEDLONG AVE,ROCK HILL,SC,29732,,(803) 327-4664,98,2,0,99,93,6,1,96,92,6,2,96,88,10,2,95,,940,309,33,07/01/2022,06/30/2023
42C0001019,THE GREENWOOD ENDOSCOPY CENTER INC,103 LINER DR.,GREENWOOD,SC,29646,,(864) 227-3838,98,2,0,99,92,6,2,95,93,6,1,96,91,8,1,97,,1186,363,31,07/01/2022,06/30/2023
42C0001049,BLUFFTON OKATIE SURGERY CENTER LLC,"40 OKATIE CENTER BLVD S., STE. 125",OKATIE,SC,29909,,(843) 705-8870,96,4,0,98,90,8,2,94,86,11,3,94,84,15,1,94,,1031,453,44,07/01/2022,06/30/2023
42C0001078,THE SOUTHEASTERN SPINE INSTITUTE AMBULATORY SURGERY CENTER LLC,1106 CHUCK DAWLEY BLVD,MOUNT PLEASANT,SC,29464,,(469) 893-6573,98,2,0,99,92,6,2,95,94,5,1,97,90,7,3,96,,825,267,32,07/01/2022,06/30/2023
44C0001000,PHYSICIAN'S SURGERY CENTER OF KNOXVILLE LLC,1819 CLINCH AVE SUITE 206,KNOXVILLE,TN,37916,,(865) 522-2949,97,3,0,98,92,7,1,96,91,8,1,96,89,9,2,95,,1198,350,29,07/01/2022,06/30/2023
44C0001001,EYE SURGERY CENTER OF NASHVILLE LLC,310 25TH AVE NORTH SUITE 105,NASHVILLE,TN,37203,,(615) 329-9023,98,2,0,99,91,7,2,95,89,10,1,95,89,10,1,96,,1201,541,45,07/01/2022,06/30/2023
44C0001004,MEMPHIS SURGERY CENTER,1044 CREST HAVEN RD,MEMPHIS,TN,38119,,(901) 682-1516,97,3,0,98,92,6,2,95,88,10,2,95,87,12,1,95,,1906,453,24,07/01/2022,06/30/2023
44C0001008,NORTHRIDGE SURGERY CENTER,647 MYATT DR,MADISON,TN,37115,,(615) 868-8942,98,2,0,99,92,6,2,95,91,7,2,96,92,7,1,97,,880,318,36,07/01/2022,06/30/2023
44C0001023,DIGESTIVE DISEASE ENDOSCOPY CENTER INC,"222 22ND AVE NORTH, SUITE 300",NASHVILLE,TN,37203,,(615) 340-4629,98,2,0,99,93,6,1,96,88,12,0,96,91,9,0,97,,7062,707,10,07/01/2022,06/30/2023
44C0001025,NASHVILLE ENDOSURGERY CENTER,300 20TH AVE NORTH #800,NASHVILLE,TN,37203,,(615) 284-1335,96,3,1,98,93,6,1,96,92,7,1,96,86,10,4,93,,1180,257,22,07/01/2022,06/30/2023
44C0001037,LEBONHEUR EAST SURGERY CENTER II LP,786 ESTATE PL,MEMPHIS,TN,38120,,(901) 516-1420,100,0,0,100,98,2,0,99,100,0,0,98,100,0,0,100,1;2,12,3,25,07/01/2022,06/30/2023
44C0001060,PHYSICIANS SURGERY CENTER OF CHATTANOOGA LLC DBA PHYSICIANS SURGERY CENTER OF CHATTANOOGA,924 SPRING CREEK RD,CHATTANOOGA,TN,37412,,(423) 899-1600,,,,,,,,,,,,,,,,,4,,,,,
44C0001069,METHODIST SURGERY CENTER GERMANTOWN LP,1363 SOUTH GERMANTOWN RD.,GERMANTOWN,TN,38138,,(901) 516-1420,99,1,0,100,95,4,1,97,92,7,1,97,92,7,1,97,2,632,210,33,07/01/2022,06/30/2023
44C0001073,BAPTIST SURGERY CENTER DBA BAPTIST AMBULATORY SURGERY CENTER,312 21ST AVE NORTH,NASHVILLE,TN,37203,,(615) 321-7330,98,2,0,99,93,6,1,96,90,9,1,96,89,10,1,96,,1135,305,27,07/01/2022,06/30/2023
44C0001087,CLARKSVILLE SURGERY CENTER LLC,793 WEATHERLY DR,CLARKSVILLE,TN,37043,,(931) 645-1373,98,2,0,99,93,6,1,96,92,7,1,96,87,11,2,95,,1003,310,31,07/01/2022,06/30/2023
44C0001088,MIDDLE TENNESSEE AMBULATORY SURGERY CENTER,1800 MEDICAL CENTER PARKWAY SUITE 120,MURFREESBORO,TN,37129,,(615) 849-7500,98,2,0,99,91,7,2,95,91,7,2,95,86,12,2,94,,1388,360,26,07/01/2022,06/30/2023
44C0001097,MOUNTAIN EMPIRE SURGERY CENTER,601 MED TECH PARKWAY,JOHNSON CITY,TN,37604,,(423) 610-1020,95,4,1,97,90,9,1,95,87,10,3,94,85,13,2,94,,1049,325,31,07/01/2022,06/30/2023
44C0001112,PARKWEST SURGERY CENTER,9430 PARKWEST BLVD SUITE 210,KNOXVILLE,TN,37923,,(865) 531-0494,98,2,0,99,93,6,1,96,93,6,1,96,91,8,1,96,,1436,509,35,07/01/2022,06/30/2023
44C0001118,URLOGY AMBULATORY SURGERY CENTER LLC,"1325 WOLF PARK DR. , SUITE 101",GERMANTOWN,TN,38138,,(901) 516-1420,99,1,0,99,96,3,1,97,94,6,0,97,93,7,0,98,2,702,224,32,07/01/2022,06/30/2023
44C0001119,SAINT THOMAS CAMPUS SURGICARE LP,4230 HARDING RD SUITE 300,NASHVILLE,TN,37205,,(615) 783-1260,98,2,0,99,93,6,1,96,91,9,0,96,89,10,1,96,,1149,393,34,07/01/2022,06/30/2023
44C0001124,AMBULATORY SURGICAL ASSOCIATES LLC,"725 KINGS LN,",TULLAHOMA,TN,37388,,(931) 455-1976,98,2,0,99,93,6,1,96,89,10,1,95,89,11,0,96,,1137,425,37,07/01/2022,06/30/2023
44C0001133,BAPTIST PLAZA SURGICARE LP,2004 HAYES ST,NASHVILLE,TN,37203,,(615) 515-4000,97,3,0,98,94,5,1,96,90,9,1,96,87,13,0,95,,1303,268,21,07/01/2022,06/30/2023
44C0001140,SAINT FRANCIS SURGERY CENTER,5999 PARK AVE,MEMPHIS,TN,38119,,(901) 818-1080,98,2,0,99,92,7,1,95,89,9,2,95,85,13,2,94,,1035,287,28,07/01/2022,06/30/2023
44C0001155,CHATTANOOGA PAIN MANAGEMENT CENTER LLC DBA CHATTANOOGA PAIN SURGERY CENTER,1016 EXECUTIVE DR,HIXSON,TN,37343,,(423) 648-4525,95,4,1,97,94,5,1,96,92,7,1,96,91,7,2,96,,1464,477,33,07/01/2022,06/30/2023
44C0001159,HOLSTON VALLEY AMBULATORY SURGERY CENTER LLC,103 WEST STONE DR,KINGSPORT,TN,37660,,(423) 224-4910,98,2,0,99,93,5,2,95,88,10,2,95,87,11,2,95,,1063,297,28,07/01/2022,06/30/2023
44C0001160,PATIENT PARTNERS LLC,890 NORTH BLUE JAY WAY,GALLATIN,TN,37066,,(615) 575-9000,97,3,0,98,94,5,1,97,89,9,2,95,87,10,3,94,,1150,343,30,07/01/2022,06/30/2023
44C0001161,FRANKLIN ENDOSCOPY CENTER LLC,9160 CAROTHERS PARKWAY SUITE 100,FRANKLIN,TN,37067,,(615) 550-6066,97,3,0,98,91,8,1,95,89,10,1,95,89,9,2,96,,1375,424,31,07/01/2022,06/30/2023
44C0001165,HAMILTON EYE INSTITUTE SURGERY CENTER LP,"930 MADISON AVE., SUITE 370",MEMPHIS,TN,38103,,(901) 516-1420,97,2,1,98,90,9,1,94,88,8,4,94,84,11,5,92,2,457,158,35,07/01/2022,06/30/2023
44C0001166,LEBANON ENDOSCOPY CENTER LLC DBA LEBANON ENDOSCOPY CENTER,100 PHYSICIANS WAY SUITE 340,LEBANON,TN,37090,,(615) 466-9532,99,1,0,99,94,5,1,96,94,5,1,97,93,6,1,97,,1352,403,30,07/01/2022,06/30/2023
44C0001169,PROVIDENCE SURGERY CENTER,5002 CROSSINGS CIR SUITE 110,MOUNT JULIET,TN,37122,,(615) 553-9100,98,2,0,99,93,6,1,96,90,9,1,96,89,10,1,96,,1537,416,27,07/01/2022,06/30/2023
44C0001177,MID STATE ENDOSCOPY CENTER,1115 DOW ST SUITE A,MURFREESBORO,TN,37130,,(615) 848-9234,97,2,1,98,91,7,2,95,89,9,2,95,87,11,2,95,,1194,274,23,07/01/2022,06/30/2023
44C0001204,SAINT THOMAS SURGERY CENTER NEW SALEM LLC DBA NEW SALEM SURGERY CENTER,2755 NEW SALEM HIGHWAY SUITE 100,MURFREESBORO,TN,37128,,(615) 900-1366,99,1,0,99,91,8,1,95,92,7,1,96,92,7,1,97,,1684,445,26,07/01/2022,06/30/2023
45C0001018,CONROE SURGERY CENTER 2 LLC,"1501 RIVER POINTE DR, #200",CONROE,TX,77304,,(469) 893-6573,97,3,0,98,92,6,2,95,88,10,2,94,85,12,3,94,,1098,330,30,07/01/2022,06/30/2023
45C0001021,MEMORIAL HERMANN WEST HOUSTON SURGERY CENTER LLC,970 CAMPBELL RD,HOUSTON,TX,77024,,(713) 461-3547,,,,,,,,,,,,,,,,,4,,,,,
45C0001035,MEMORIAL HERMANN SURGERY CENTER MAIN STREET,7515 MAIN STREET SUITE 800,HOUSTON,TX,77030,,(713) 799-9990,96,3,1,98,87,9,4,92,81,13,6,91,75,21,4,90,,1482,199,13,07/01/2022,06/30/2023
45C0001039,BAYLOR SURGICARE,3920 WORTH ST.,DALLAS,TX,75246,,(214) 820-2581,97,3,0,98,89,8,3,93,89,9,2,95,87,11,2,95,,1719,406,24,07/01/2022,06/30/2023
45C0001077,DOCTORS UNITED SURGERY CENTER,5146 PRESTON,PASADENA,TX,77505,,(346) 203-5536,96,3,1,98,92,7,1,95,89,9,2,95,89,9,2,96,,1773,431,24,07/01/2022,06/30/2023
45C0001091,GARLAND SURGICARE PARTNERS LTD DBA BAYLOR SURGICARE AT GARLAND,530 CLARA BARTON BLVD SUITE 100,GARLAND,TX,75042,,(972) 494-2400,99,1,0,99,92,6,2,95,92,7,1,95,86,12,2,94,,994,245,25,07/01/2022,06/30/2023
45C0001133,BAYLOR SURGICARE AT NORTH DALLAS LLC DBA BAYLOR SCOTT AND WHITE SURGICARE NORTH DALLAS,12230 COIT RD SUITE 200,DALLAS,TX,75251,,(469) 374-6400,97,2,1,98,93,5,2,96,84,12,4,93,79,16,5,91,,959,179,19,07/01/2022,06/30/2023
45C0001139,GCSA AMBULATORY SURGERY CENTER LLC,8214 WURZBACH RD.,SAN ANTONIO,TX,78229,,(210) 614-1234,,,,,,,,,,,,,,,,,4,,,,,
45C0001149,MEMORIAL HERMANN SURGERY CENTER WOODLANDS PARKWAY,1441 WOODSTEAD CT SUITE 100,THE WOODLANDS,TX,77380,,(281) 825-4725,98,2,0,99,94,4,2,96,92,7,1,96,87,11,2,95,,1144,241,21,07/01/2022,06/30/2023
45C0001161,SOUTH PLAINS ENDOSCOPY CENTER,3610 24TH ST,LUBBOCK,TX,79410,,(806) 797-1015,,,,,,,,,,,,,,,,,4,,,,,
45C0001194,MEMORIAL HERMANN BAY AREA ENDOSCOPY CENTER LLC DBA BAY AREA ENDOSCOPY,444 FM 1959 RD SUITE B,HOUSTON,TX,77034,,(281) 892-2420,95,4,1,97,84,12,4,90,84,12,4,93,80,17,3,92,,914,189,21,07/01/2022,06/30/2023
45C0001196,BAYLOR SURGICARE AT OAKMONT,7200 OAKMONT BLVD.,FORT WORTH,TX,76132,,(817) 732-3300,96,3,1,98,91,7,2,95,85,12,3,93,80,18,2,93,,1477,338,23,07/01/2022,06/30/2023
45C0001205,DESOTO SURGICARE PARTNERS LTD,7992 WEST VIRGINIA DR.,DALLAS,TX,75237,,(972) 283-2400,97,3,0,98,90,8,2,94,86,12,2,94,81,16,3,92,,783,231,30,07/01/2022,06/30/2023
45C0001221,VICTORIA SURGERY CENTER,105 JAMES COLEMAN DR.,VICTORIA,TX,77904,,(361) 578-0234,95,5,0,97,88,9,3,92,81,15,4,93,88,10,2,95,,1799,373,21,07/01/2022,06/30/2023
45C0001233,HILL COUNTRY MEMORIAL SURGERY CENTER,204 GATEWAY NORTH SUITE B,MARBLE FALLS,TX,78654,,(830) 798-1821,,,,,,,,,,,,,,,,,4,,,,,
45C0001240,GOLDEN TRIANGLE SURGERY CENTER LLC DBA BAPTIST BEAUMONT SURGICAL AFFILIATES,3560 COLLEGE STREET,BEAUMONT,TX,77701,,(409) 835-7070,97,3,0,99,93,6,1,96,89,10,1,96,89,9,2,95,2,1404,460,33,07/01/2022,06/30/2023
45C0001243,NORTHWEST SURGERY CENTER RED OAK,17322 RED OAK DR,HOUSTON,TX,77090,,(281) 895-9100,97,3,0,98,92,7,1,96,89,9,2,94,82,16,2,93,,1672,459,27,07/01/2022,06/30/2023
45C0001245,CORPUS CHRISTI SURGICARE LTD DBA CORPUS CHRISTI OUTPATIENT SURGERY CENTER,3636 SOUTH ALAMEDA ST SUITE A,CORPUS CHRISTI,TX,78411,,(361) 853-2200,98,2,0,99,93,6,1,96,91,7,2,96,89,9,2,95,,1394,352,25,07/01/2022,06/30/2023
45C0001247,PASO DEL NORTE SURGERY CENTER,125 W. CASTELLANO,EL PASO,TX,79912,,(915) 532-8200,96,3,1,98,91,8,1,95,89,9,2,95,90,8,2,96,,1114,194,17,07/01/2022,06/30/2023
45C0001250,SHORELINE SURGERY CENTER LLP DBA CHRISTUS SPOHN-SURGICARE OF CORPUS CHRISTI,718 ELIZABETH ST,CORPUS CHRISTI,TX,78404,,(361) 882-3204,97,2,1,98,91,7,2,94,88,10,2,95,83,13,4,92,,979,310,32,07/01/2022,06/30/2023
45C0001257,BAYLOR SCOTT AND WHITE SURGICARE DENTON,350 SOUTH IH 35 EAST,DENTON,TX,76205,,(940) 323-1393,97,3,0,99,93,6,1,96,89,9,2,95,87,12,1,95,,1332,455,34,07/01/2022,06/30/2023
45C0001264,TEXAN SURGERY CENTER,7000 NORTH MOPAC EXPRESSWAY SUITE 120,AUSTIN,TX,78731,,(512) 342-0900,94,5,1,96,92,7,1,95,86,12,2,94,83,16,1,94,,1384,404,29,07/01/2022,06/30/2023
45C0001267,NMC SURGERY CENTER LP DBA THE SURGERY CENTER OF NACOGDOCHES,4948 N E STALLINGS DR,NACOGDOCHES,TX,75965,,(936) 568-3595,99,1,0,100,93,6,1,96,95,5,0,97,93,7,0,98,,1231,327,27,07/01/2022,06/30/2023
45C0001274,VICTORIA AMBULATORY SURGERY CENTER DBA THE SURGERY CENTER,6370 NORTH NAVARRO ST,VICTORIA,TX,77904,,(361) 570-8311,98,2,0,99,91,7,2,95,94,5,1,97,91,8,1,96,,1127,336,30,07/01/2022,06/30/2023
45C0001276,FISH POND SURGERY CENTER,601 WEST HWY 6 SUITE 109,WACO,TX,76710,,(254) 751-9836,,,,,,,,,,,,,,,,,4,,,,,
45C0001277,TEXAS ENDOSCOPY PLANO,6405 WEST PARKER #370,PLANO,TX,75093,,(214) 778-2570,98,2,0,99,91,8,1,95,92,6,2,96,90,9,1,96,,1101,223,20,07/01/2022,06/30/2023
45C0001298,NORTH HOUSTON ENDOSCOPY AND SURGERY,275 LANTERN BEND SUITE 400,HOUSTON,TX,77090,,(281) 440-5797,96,3,1,97,92,6,2,95,89,8,3,94,86,10,4,93,,1090,242,22,07/01/2022,06/30/2023
45C0001301,BAYLOR SCOTT & WHITE SURGICARE GRAPEVINE,2040 WEST STATE HWY 114,GRAPEVINE,TX,76051,,(817) 410-4300,97,3,0,99,93,6,1,96,84,14,2,94,83,15,2,94,,1698,286,17,07/01/2022,06/30/2023
45C0001307,TEXAS ORTHOPEDICS SURGERY CENTER,4700 SETON CENTER PARKWAY SUITE 100,AUSTIN,TX,78759,,(512) 608-4647,97,3,0,98,91,7,2,94,88,11,1,95,85,14,1,94,,1776,392,22,07/01/2022,06/30/2023
45C0001315,PARK CITIES SURGERY CENTER LLC DBA PARK CITIES SURGERY CENTER,6901 SNIDER PLAZA SUITE 300,UNIVERSITY PARK,TX,75205,,(214) 706-6901,98,2,0,99,91,7,2,95,91,8,1,96,92,8,0,97,,805,153,19,07/01/2022,06/30/2023
45C0001318,BAYLOR SCOTT AND WHITE SURGICARE CARROLLTON,4780 NORTH JOSEY LANE,CARROLLTON,TX,75010,,(972) 395-2210,98,2,0,99,93,6,1,96,90,9,1,95,90,8,2,96,,1335,239,18,07/01/2022,06/30/2023
45C0001338,SAN ANTONIO ENDOSCOPY CENTER,8550 DATAPOINT DR SUITE 100,SAN ANTONIO,TX,78229,,(210) 615-7232,98,2,0,99,92,6,2,95,92,7,1,97,90,9,1,96,,1209,276,23,07/01/2022,06/30/2023
45C0001344,MIDLAND TEXAS SURGICAL CENTER LLC,5609 DEAUVILLE BLVD,MIDLAND,TX,79706,,(432) 699-4224,99,1,0,99,93,5,2,96,92,7,1,96,91,8,1,96,,1179,266,23,07/01/2022,06/30/2023
45C0001345,GAB ENDOSCOPY CENTER LLC,621 CAMDEN STREET SUITE 102,SAN ANTONIO,TX,78215,,(210) 253-3430,,,,,,,,,,,,,,,,,4,,,,,
45C0001351,THEDA OAKS GASTROENTEROLOGY AND ENDOSCOPY CENTER LLC,19226 STONE HUE SUITE 103,SAN ANTONIO,TX,78258,,(210) 268-0100,96,4,0,98,89,8,3,93,91,7,2,95,86,13,1,95,,1222,273,22,07/01/2022,06/30/2023
45C0001355,BAYLOR SCOTT & WHITE SURGICARE PLANO,1701 OHIO DR,PLANO,TX,75093,,(214) 291-3000,96,4,0,98,87,10,3,92,86,13,1,94,83,15,2,94,,1092,247,23,07/01/2022,06/30/2023
45C0001357,BAYLOR SCOTT AND WHITE SURGICARE FORT WORTH,750 12TH AVE,FORT WORTH,TX,76104,,(817) 334-5101,96,3,1,98,91,8,1,95,89,9,2,95,85,12,3,94,,1290,283,22,07/01/2022,06/30/2023
45C0001363,MEMORIAL HERMANN ENDOSCOPY CENTER NORTH LOOP,1900 NORTH LOOP WEST SUITE #550,HOUSTON,TX,77018,,(713) 396-1300,95,4,1,97,89,9,2,94,88,9,3,94,82,14,4,92,,2466,306,12,07/01/2022,06/30/2023
45C0001364,ROCKWALL AMBULATORY SURGERY CENTER LLP,825 WEST YELLOWJACKET LN,ROCKWALL,TX,75087,,(972) 772-6166,99,1,0,99,94,5,1,96,90,8,2,96,88,11,1,95,,1872,386,21,07/01/2022,06/30/2023
45C0001369,MEMORIAL HERMANN SURGERY CENTER GREATER HEIGHTS,1631 NORTH LOOP WEST SUITE #300,HOUSTON,TX,77008,,(713) 396-1300,97,2,1,98,92,6,2,95,91,8,1,96,86,12,2,95,,1522,276,18,07/01/2022,06/30/2023
45C0001370,TEXAS INTERNATIONAL ENDOSCOPY CENTER LP,6620 MAIN ST STE 1500,HOUSTON,TX,77030,,(713) 520-8432,97,3,0,99,91,8,1,95,88,10,2,94,85,13,2,94,,1370,280,20,07/01/2022,06/30/2023
45C0001374,EL PASO DAY SURGERY LLC,1300 MURCHISON,EL PASO,TX,79902,,(915) 373-4180,97,3,0,98,88,10,2,93,90,8,2,95,85,14,1,95,,1452,349,24,07/01/2022,06/30/2023
45C0001384,TUSCAN SURGERY CENTER AT LAS COLINAS,701 TUSCAN DR SUITE 100,IRVING,TX,75039,,(214) 442-1900,98,2,0,99,92,6,2,95,92,6,2,96,90,9,1,96,,1323,242,18,07/01/2022,06/30/2023
45C0001391,NORTH TEXAS ENDOSCOPY PARTNERS,"2023 W. MCDERMOTT DR., # 240",ALLEN,TX,75013,,(972) 781-1482,97,3,0,98,90,8,2,94,91,8,1,96,89,10,1,96,,1601,353,22,07/01/2022,06/30/2023
45C0001393,NORTH GARLAND SURGERY CENTER LLP DBA BAYLOR SCOTT AND WHITE SURGICARE NORTH GARLAND,7150 NORTH GEORGE BUSH HWY SUITE 101,GARLAND,TX,75044,,(214) 703-1800,98,2,0,99,92,6,2,95,90,8,2,96,90,9,1,96,,1320,274,21,07/01/2022,06/30/2023
45C0001396,CENTENNIAL ASC LLC,4401 COIT RD #100,FRISCO,TX,75035,,(469) 893-6573,96,3,1,98,89,9,2,93,86,11,3,94,84,13,3,93,,2392,395,17,07/01/2022,06/30/2023
45C0001406,MEMORIAL HERMANN SURGERY CENTER THE WOODLANDS LLP DBA MEMORIAL HERMANN SURGERY CENTER THE WOODLANDS,9200 PINECROFT DR SUITE 200,THE WOODLANDS,TX,77380,,(281) 297-9500,99,1,0,99,93,6,1,96,92,7,1,96,89,9,2,95,,1086,182,17,07/01/2022,06/30/2023
45C0001412,CEDAR PARK SURGERY CENTER LLP DBA HILL COUNTRY SURGERY CENTER,801 EAST WHITESTONE BLVD SUITE 100,CEDAR PARK,TX,78613,,(512) 528-2000,97,2,1,98,90,7,3,94,92,7,1,96,89,10,1,96,,1831,333,18,07/01/2022,06/30/2023
45C0001421,MEMORIAL HERMANN SURGERY CENTER RICHMOND LLC,1517 THOMPSON RD SUITE 100,RICHMOND,TX,77469,,(281) 344-5444,96,4,0,98,90,8,2,94,85,12,3,94,84,14,2,93,,2412,351,15,07/01/2022,06/30/2023
45C0001422,LONE STAR ENDOSCOPY-KELLER,180 BEAR CREEK PARKWAY,KELLER,TX,76248,,(817) 337-3671,98,2,0,99,93,6,1,96,96,3,1,97,95,4,1,98,,961,224,23,07/01/2022,06/30/2023
45C0001434,MEMORIAL HERMANN SURGERY CENTER BRAZORIA LLC,2760 BRAZOS PARKWAY,ANGLETON,TX,77515,,(979) 848-5910,98,2,0,99,92,7,1,95,90,7,3,95,85,14,1,94,,1230,289,24,07/01/2022,06/30/2023
45C0001442,MEMORIAL HERMANN SURGERY CENTER KINGSLAND,21720 KINGSLAND BLVD SUITE 101,KATY,TX,77450,,(281) 579-5655,96,4,0,98,89,8,3,93,87,10,3,95,85,13,2,94,,1551,234,15,07/01/2022,06/30/2023
45C0001443,MEMORIAL HERMANN SURGERY CENTER SOUTHWEST,7789 SOUTHWEST FREEWAY SUITE 200,HOUSTON,TX,77074,,(713) 343-3100,97,2,1,98,91,7,2,94,87,10,3,94,80,16,4,91,,1677,278,17,07/01/2022,06/30/2023
45C0001446,MEMORIAL HERMANN SURGERY CENTER TEXAS MEDICAL CENTER,6400 FANNIN ST SUITE 1500,HOUSTON,TX,77030,,(713) 790-7710,96,3,1,97,92,6,2,95,89,9,2,94,87,10,3,94,,2087,339,16,07/01/2022,06/30/2023
45C0001447,MEMORIAL HERMANN SURGERY CENTER KATY,23920 KATY FREEWAY,KATY,TX,77494,,(281) 644-3200,97,3,0,99,93,6,1,96,90,9,1,96,88,10,2,95,,1664,239,14,07/01/2022,06/30/2023
45C0001449,MEMORIAL HERMANN SURGERY CENTER SUGAR LAND LLP,17510 WEST GRAND PARKWAY SOUTH SUITE 200,SUGAR LAND,TX,77479,,(281) 238-1600,98,2,0,99,94,5,1,96,90,8,2,96,84,13,3,93,,1087,199,18,07/01/2022,06/30/2023
45C0001458,NORTHWEST SURGERY CENTER LLP,11111 RESEARCH BLVD SUITE 350,AUSTIN,TX,78759,,(512) 349-4010,98,2,0,99,93,6,1,96,89,10,1,95,85,12,3,94,,1505,312,21,07/01/2022,06/30/2023
45C0001465,EL PASO CENTER FOR GASTROINTESTINAL ENDOSCOPY LLC,1620 N. MESA ST,EL PASO,TX,79902,,(915) 545-5300,97,3,0,98,92,6,2,95,90,8,2,95,89,9,2,96,,1769,359,20,07/01/2022,06/30/2023
45C0001471,BAYLOR SURGICARE AT GRANBURY LLC,1717 PALUXY RD.,GRANBURY,TX,76048,,(817) 579-8863,98,2,0,99,92,7,1,95,92,7,1,96,92,7,1,97,,1303,449,34,07/01/2022,06/30/2023
45C0001477,GCSA AMBULATORY SURGERY CENTER LLC,855 PROTON RD.,SAN ANTONIO,TX,78258,,(210) 614-1234,,,,,,,,,,,,,,,,,4,,,,,
45C0001481,HYDE PARK SURGERY CENTER,4611 GUADALUPE ST SUITE 100,AUSTIN,TX,78751,,(512) 420-2303,97,3,0,98,89,9,2,93,90,7,3,95,86,12,2,94,,1372,302,22,07/01/2022,06/30/2023
45C0001486,BAYLOR SCOTT & WHITE SURGICARE AT MANSFIELD,280 REGENCY PARKWAY,MANSFIELD,TX,76063,,(469) 387-2313,97,3,0,99,93,5,2,95,92,7,1,96,90,9,1,96,,1179,200,17,07/01/2022,06/30/2023
45C0001509,MEDICAL PARK TOWER SURGERY CENTER,1301 WEST 38TH ST SUITE 109,AUSTIN,TX,78705,,(512) 354-3011,97,2,1,98,91,7,2,95,86,11,3,94,85,13,2,94,,1102,276,25,07/01/2022,06/30/2023
45C0001513,MEMORIAL HERMANN MEMORIAL VILLAGE SURGERY CENTER,1120 BUSINESS CENTER DR SUITE 110,HOUSTON,TX,77043,,(713) 337-1111,93,5,2,96,90,8,2,94,82,13,5,91,77,17,6,89,,1324,240,18,07/01/2022,06/30/2023
45C0001522,WILLIAMSON SURGERY CENTER,"301 SETON PKWY, STE 200",ROUND ROCK,TX,78665,,(512) 861-4214,98,2,0,99,94,5,1,97,93,6,1,96,89,10,1,96,,1457,433,30,07/01/2022,06/30/2023
45C0001536,KIRBY GLEN SURGERY CENTER,2459 S. BRAESWOOD BLVD.,HOUSTON,TX,77030,,(713) 529-8600,92,7,1,96,89,8,3,93,76,19,5,90,73,22,5,88,,1292,318,25,07/01/2022,06/30/2023
45C0001561,SURGCENTER OF PLANO,6101 WINDHAVEN PARKWAY SUITE 195,PLANO,TX,75093,,(469) 209-7054,97,2,1,98,92,7,1,95,88,10,2,95,87,11,2,95,,1529,443,29,07/01/2022,06/30/2023
45C0001567,GASTROENTEROLOGY CONSULTANTS OF SAN ANTONIO STONE CREEK,12850 TOEPPERWEIN RD,LIVE OAK,TX,78233,,(210) 614-1234,,,,,,,,,,,,,,,,,4,,,,,
45C0001570,LONE STAR ENDOSCOPY CENTER LLC,1001 SURREY LANE,FLOWER MOUND,TX,75022,,(214) 513-6300,98,2,0,99,92,6,2,95,93,5,2,96,92,7,1,97,,1339,316,24,07/01/2022,06/30/2023
45C0001582,BEAR CREEK SURGERY CENTER LLC,100 BOURLAND RD SUITE 110,KELLER,TX,76248,,(817) 518-9130,98,2,0,99,94,5,1,97,91,7,2,96,87,12,1,95,,1331,342,26,07/01/2022,06/30/2023
45C0001597,NORTH PINES SURGERY CENTER LLC,4019 I 45 N SUITE 150,CONROE,TX,77304,,(936) 641-8181,98,2,0,99,92,7,1,96,92,6,2,96,89,10,1,96,,1072,227,21,07/01/2022,06/30/2023
45C0001607,MEMORIAL HERMANN SURGERY CENTER PINECROFT,9305 PINECROFT DR SUITE 200,SPRING,TX,77380,,(832) 823-5156,98,2,0,99,93,6,1,96,93,6,1,97,90,9,1,96,,1614,321,20,07/01/2022,06/30/2023
45C0001638,METHODIST CRAIG RANCH SURGERY CENTER,6045 ALMA RD SUITE 100,MCKINNEY,TX,75070,,(469) 907-1650,97,3,0,99,88,9,3,93,91,7,2,95,89,8,3,95,,1545,254,16,07/01/2022,06/30/2023
45C0001646,LONE STAR ENDOSCOPY CENTER SOUTHLAKE,515 SOUTH NOLEN DR,SOUTHLAKE,TX,76092,,(817) 912-1999,98,2,0,99,92,6,2,95,94,6,0,98,93,7,0,98,,1374,350,25,07/01/2022,06/30/2023
45C0001656,BAYLOR SURGICARE AT BAYLOR PLANO LLC DBA BAYLOR SCOTT AND WHITE SURGICARE AT PLANO ALLIANCE,4825 ALLIANCE BLVD SUTE 300,PLANO,TX,75093,,(469) 367-0700,96,3,1,97,89,9,2,93,86,10,4,94,82,15,3,92,,1573,332,21,07/01/2022,06/30/2023
45C0001657,BAYLOR SCOTT AND WHITE SPORTS SURGERY CENTER AT THE STAR,3800 GAYLORD PARKWAY SUITE 410,FRISCO,TX,75034,,(972) 668-5911,99,1,0,99,93,6,1,96,95,4,1,97,93,6,1,97,,1438,264,18,07/01/2022,06/30/2023
45C0001668,OAK POINT SURGICAL SUITES LLC,2201 K AVE SUITE B100,PLANO,TX,75074,,(469) 409-1091,,,,,,,,,,,,,,,,,4,,,,,
45C0001678,HILL COUNTRY SURGERY CENTER LLC DBA SURGERY CENTER BOERNE,112 HERFF RD SUITE 200,BOERNE,TX,78006,,(830) 331-7700,98,2,0,99,94,5,1,96,94,5,1,97,91,8,1,96,,1935,580,30,07/01/2022,06/30/2023
45C0001695,SURGCENTER OF GREATER DALLAS,11411 EAST NORTHWEST HWY SUITE 220,DALLAS,TX,75218,,(469) 214-4344,,,,,,,,,,,,,,,,,4,,,,,
45C0001730,TEXAS HELATH SURGERY CENTER WAXAHACHIE,1434 WEST US HIGHWAY 287 BYPASS SUITE 100,WAXAHACHIE,TX,75165,,(940) 391-3004,,,,,,,,,,,,,,,,,4,,,,,
45C0451241,SHERMAN ENDOSCOPY CENTER LLC,1615 NORTH HIGHWAY 75,SHERMAN,TX,75090,,(903) 437-6260,,,,,,,,,,,,,,,,,4,,,,,
46C0001003,AVENUES SURGICAL CENTER,359 EAST 8TH AVE,SALT LAKE CITY,UT,84103,,(801) 792-2815,97,3,0,98,92,6,2,95,87,10,3,94,85,12,3,93,,922,252,27,07/01/2022,06/30/2023
46C0001004,MCKAY DEE SURGICAL CENTER LLC,"3903 HARRISON BLVD., STE. 100",OGDEN,UT,84403,,(801) 387-3600,98,2,0,99,94,5,1,96,91,7,2,96,90,9,1,96,,1946,532,27,07/01/2022,06/30/2023
49C0001009,CENTRAL VIRGINIA SURGI-CENTER LP DBA SURGI-CENTER OF CENTRAL VIRGINIA,1500 DIXON ST SUITE 101,FREDERICKSBURG,VA,22401,,(540) 371-5349,97,3,0,98,91,7,2,95,87,11,2,94,86,12,2,95,,1155,400,35,07/01/2022,06/30/2023
49C0001012,VIRGINIA BEACH AMBULATORY SURGERY CENTER,1700 WILL O WISP DR,VIRGINIA BEACH,VA,23454,,(757) 496-6400,98,2,0,99,92,7,1,95,91,7,2,95,90,9,1,96,2,1320,371,28,07/01/2022,06/30/2023
49C0001017,KAISER FOUNDATION HEALTH PLAN OF THE MID ATLANTIC STAT,8008 WESTPARK DR,MC LEAN,VA,22102,,(703) 490-8400,97,3,0,98,93,6,1,96,88,10,2,95,86,11,3,94,,2706,880,33,07/01/2022,06/30/2023
49C0001034,MARY IMMACULATE AMBULATORY SURGERY CENTER LLC,12720 MCMANUS BLVD SUITE 103,NEWPORT NEWS,VA,23602,,(757) 369-7000,96,4,0,98,93,6,1,96,90,9,1,95,84,15,1,94,,1087,259,24,07/01/2022,06/30/2023
49C0001039,PRINCE WILLIAM AMBULATORY SURGERY CENTER,8644 SUDLEY RD,MANASSAS,VA,20110,,(703) 369-8525,98,2,0,99,92,6,2,95,89,10,1,95,88,11,1,95,,1279,435,34,07/01/2022,06/30/2023
49C0001044,ST. MARY'S AMBULATORY SURGERY CENTER,1501 MAPLE AVE SUITE 300,RICHMOND,VA,23226,,(804) 287-7881,99,1,0,99,93,6,1,96,94,5,1,97,92,7,1,97,,1108,307,28,07/01/2022,06/30/2023
49C0001047,BON SECOURS SURGERY CENTER AT VIRGINIA BEACH LLC,828 HEALTHY WAY SUITE 115,VIRGINIA BEACH,VA,23462,,(757) 495-8070,98,2,0,99,92,7,1,96,91,8,1,96,90,9,1,96,,969,324,33,07/01/2022,06/30/2023
49C0001049,BON SECOURS SURGERY CENTER AT HARBOUR VIEW LLC DBA BON SECOURS SURGERY CENTER AT HARBOUR VIEW,5818 HARBOUR VIEW BLVD SUITE 102D,SUFFOLK,VA,23435,,(757) 215-0499,98,2,0,99,91,7,2,95,89,9,2,95,86,12,2,94,,679,225,33,07/01/2022,06/30/2023
49C0001060,INOVA AMBULATORY SURGERY CENTER AT LORTON LLC,"9321 SANGER ST, SUITE 200",LORTON,VA,22079,,(703) 672-2631,,,,,,,,,,,,,,,,,4,,,,,
49C0001062,NOVANT HEALTH HAYMARKET AMBULATORY SURGICAL CENTER,15225 HEATHCOTE BLVD,HAYMARKET,VA,20169,,(336) 277-8770,98,2,0,99,91,7,2,95,92,7,1,96,91,8,1,97,,1296,522,40,07/01/2022,06/30/2023
49C0001078,VCU HEALTH AMBULATORY SURGERY CENTER LLC,11958 WEST BROAD STREET 5TH FLOOR,HENRICO,VA,23233,,(804) 364-1007,99,1,0,100,95,5,0,98,94,5,1,97,93,7,0,98,,528,104,20,07/01/2022,06/30/2023
50C0001040,THE POLYCLINIC,1145 BROADWAY,SEATTLE,WA,98122,,(206) 329-1760,99,1,0,99,92,7,1,95,88,10,2,95,88,10,2,95,,2103,633,30,07/01/2022,06/30/2023
50C0001048,TACOMA AMBULATORY SURGERY CENTER,209 MARTIN LUTHER KING JR WAY,TACOMA,WA,98405,,(206) 596-3590,96,3,1,98,93,6,1,96,84,14,2,94,78,20,2,92,,3751,1100,30,07/01/2022,06/30/2023
50C0001146,THE EVERETT CLINIC,3901 HOYT AVE,EVERETT,WA,98201,,(425) 259-0966,98,2,0,99,91,8,1,95,88,11,1,95,87,12,1,95,,1882,496,26,07/01/2022,06/30/2023
50C0001149,TRI-CITY REGIONAL SURGERY CENTER LLC,1096 GOETHALS DR,RICHLAND,WA,99352,,(509) 438-7283,97,3,0,98,92,7,1,96,85,11,4,94,84,15,1,94,2,2382,398,17,07/01/2022,06/30/2023
50C0001152,THE VANCOUVER CLINIC INC,700 NE 87TH AVE.,VANCOUVER,WA,98664,,(360) 397-3462,97,2,1,98,88,10,2,93,84,14,2,94,83,16,1,94,,6238,1474,24,07/01/2022,06/30/2023
50C0001176,SPOKANE EAR NOSE AND THROAT CLINIC PS,217 WEST CATALDO,SPOKANE,WA,99201,,(509) 789-5754,,,,,,,,,,,,,,,,,4,,,,,
50C0001190,GASTROENTEROLOGY ASSOCIATES LLC,500 LILLY RD NORTHEAST SUITE 204,OLYMPIA,WA,98506,,(360) 413-8250,98,2,0,99,92,6,2,95,90,8,2,96,89,10,1,96,,986,331,34,07/01/2022,06/30/2023
50C0001233,NORTHWEST ORTHOPAEDIC SPECIALISTS PS,601 WEST 5TH AVE SUITE 500,SPOKANE,WA,99204,,(509) 344-8672,98,2,0,99,92,7,1,96,93,6,1,96,94,6,0,98,,1362,202,15,07/01/2022,06/30/2023
50C0001243,THE DOCTOR'S CLINIC,2200 NW MYRHE RD,SILVERDALE,WA,98383,,(360) 830-1111,97,3,0,98,92,7,1,95,87,12,1,95,88,11,1,96,,1310,468,36,07/01/2022,06/30/2023
50C0001280,BELLEVUE AMBULATORY SURGERY CENTER,11511 NE 10TH ST,BELLEVUE,WA,98004,,(509) 241-7026,96,3,1,98,89,9,2,94,84,13,3,93,81,15,4,92,,4365,1186,27,07/01/2022,06/30/2023
50C0001309,THE POLYCLINIC,"1229 MADISON ST., STE. 1660",SEATTLE,WA,98104,,(206) 320-6160,98,2,0,99,95,5,0,97,97,3,0,98,97,3,0,99,,799,190,24,07/01/2022,06/30/2023
50C0001311,PROVIDENCE SURGERY AND PROCEDURE CENTER,16528 EAST DESMET CT,SPOKANE VALLEY,WA,99216,,(509) 474-3732,,,,,,,,,,,,,,,,,4,,,,,
50C0001315,FIRST HILL SURGERY CENTER LLC,1101 MADISON ST SUITE 200,SEATTLE,WA,98104,,(206) 320-6126,98,2,0,99,92,7,1,95,91,8,1,95,84,15,1,94,,811,264,33,07/01/2022,06/30/2023
50C0001319,THE POLYCLINC MOHS DERMATOLOGY,"1229 MADISON ST, SUITE 1090",SEATTLE,WA,98104,,(206) 860-5595,,,,,,,,,,,,,,,,,4,,,,,
50C0001323,KADLEC REGIONAL MEDICAL CENTER,1351 FOWLER ST,RICHLAND,WA,99352,,(509) 438-7283,99,1,0,99,92,7,1,96,91,8,1,96,91,8,1,96,2,2212,462,21,07/01/2022,06/30/2023
50C0001327,THE EVERETT CLINIC,21401 72ND AVE WEST,EDMONDS,WA,98026,,(425) 258-3900,98,2,0,99,94,5,1,97,89,10,1,96,86,12,2,95,,1924,403,21,07/01/2022,06/30/2023
50C0001331,KADLEC REGIONAL MEDICAL CENTER DBA KADLEC AMBULATORY ENDOSCOPY CENTER LEE CAMPUS,1270 LEE BOULEVARD SUITE B,RICHLAND,WA,99352,,(731) 661-1211,98,2,0,99,95,4,1,97,92,6,2,95,89,9,2,95,2,1444,300,21,07/01/2022,06/30/2023
52C0001097,PAIN CENTERS OF WISCONSIN FORT ATKINSON LLC,1604 MADISON AVE.,FORT ATKINSON,WI,53538,,(414) 325-3749,,,,,,,,,,,,,,,,,4,,,,,
52C0001109,WISCONSIN SPECIALTY SURGERY CENTER LLC,"7401 104TH AVE, STE. 100",KENOSHA,WI,53158,,(262) 697-1006,97,3,0,99,90,8,2,94,91,8,1,96,89,10,1,96,,1353,475,35,07/01/2022,06/30/2023
52C0001125,NORTH SHORE SURGICAL SUITES,8400 LAKEVIEW PARKWAY,PLEASANT PRAIRIE,WI,53158,,(262) 455-7548,98,2,0,99,93,6,1,96,89,10,1,95,87,12,1,95,,667,165,25,07/01/2022,06/30/2023
53C0001010,TETON OUTPATIENT SERVICES LLC,150 BUFFALO WAY,JACKSON,WY,83001,,(307) 733-8677,98,2,0,99,92,6,2,95,94,6,0,97,92,8,0,97,,1169,340,29,07/01/2022,06/30/2023
53C0001018,SHERIDAN SURGICAL CENTER LLC,1524 WEST 5TH ST,SHERIDAN,WY,82801,,(370) 672-7874,97,3,0,98,90,8,2,94,88,9,3,94,87,12,1,95,,690,298,43,07/01/2022,06/30/2023
55C0001055,SAN FERNANDO VALLEY SURGERY CENTER,11550 INDIAN HILLS RD SUITE 160,MISSION HILLS,CA,91345,,(818) 256-2100,96,4,0,98,88,9,3,93,89,10,1,95,79,20,1,93,,1309,327,25,07/01/2022,06/30/2023
55C0001083,SACRAMENTO MIDTOWN ENDOSCOPY CENTER,3941 J ST SUITE 460,SACRAMENTO,CA,95819,,(916) 733-6940,95,5,0,97,89,9,2,94,82,14,4,93,82,16,2,93,,1030,290,28,07/01/2022,06/30/2023
