"Facility ID","Facility Name","MSA","MSA Title","HCAHPS HLMR","HCAHPS HLMR Percentile","HCAHPS Start Date","HCAHPS End Date","HCAHPS Footnote","COMP-HIP-KNEE","COMP-HIP-KNEE Percentile","COMP Start Date","COMP End Date","COMP Footnote","PRO","PRO Start Date","PRO End Date","Reconciliation Footnote"
010001,SOUTHEAST ALABAMA MEDICAL CENTER,20020,"Dothan, AL",86.88,70%,07/01/2019,06/30/2020,,2.6325,30%,04/01/2017,03/31/2020,,N,07/01/2019,06/30/2020,
010023,BAPTIST MEDICAL CENTER SOUTH,33860,"Montgomery, AL",85.94,50%,07/01/2019,06/30/2020,,1.63941,100%,04/01/2017,03/31/2020,,N,07/01/2019,06/30/2020,
010055,FLOWERS HOSPITAL,20020,"Dothan, AL",84.94,40%,07/01/2019,06/30/2020,,3.0398,10%,04/01/2017,03/31/2020,,N,07/01/2019,06/30/2020,*
010092,D C H REGIONAL MEDICAL CENTER,46220,"Tuscaloosa, AL",82.00,10%,07/01/2019,06/30/2020,,2.8001,20%,04/01/2017,03/31/2020,,N,07/01/2019,06/30/2020,*
040026,CHI ST. VINCENT HOSPITAL HOT SPRINGS,26300,"Hot Springs, AR",85.50,50%,07/01/2019,06/30/2020,,2.09354,80%,04/01/2017,03/31/2020,,N,07/01/2019,06/30/2020,
040078,NATIONAL PARK MEDICAL CENTER,26300,"Hot Springs, AR",80.00,10%,07/01/2019,06/30/2020,,2.53264,40%,04/01/2017,03/31/2020,,N,07/01/2019,06/30/2020,
050056,ANTELOPE VALLEY HOSPITAL,31080,"Los Angeles-Long Beach-Anaheim, CA",81.25,10%,07/01/2019,06/30/2020,,2.37523,50%,04/01/2017,03/31/2020,,N,07/01/2019,06/30/2020,
050063,HOLLYWOOD PRESBYTERIAN MEDICAL CENTER,31080,"Los Angeles-Long Beach-Anaheim, CA",79.63,10%,07/01/2019,06/30/2020,,2.28788,60%,04/01/2017,03/31/2020,,N,07/01/2019,06/30/2020,
050069,ST JOSEPH HOSPITAL,31080,"Los Angeles-Long Beach-Anaheim, CA",86.63,70%,07/01/2019,06/30/2020,,2.29788,60%,04/01/2017,03/31/2020,,N,07/01/2019,06/30/2020,
050078,PROVIDENCE LITTLE CO OF MARY MED CTR SAN PEDRO,31080,"Los Angeles-Long Beach-Anaheim, CA",84.44,30%,07/01/2019,06/30/2020,,2.62098,30%,04/01/2017,03/31/2020,,N,07/01/2019,06/30/2020,*
050096,WEST COVINA MEDICAL CENTER,31080,"Los Angeles-Long Beach-Anaheim, CA",N/A,N/A,07/01/2019,06/30/2020,***,N/A,N/A,04/01/2017,03/31/2020,1,N,07/01/2019,06/30/2020,
050103,WHITE MEMORIAL MEDICAL CENTER,31080,"Los Angeles-Long Beach-Anaheim, CA",84.50,30%,07/01/2019,06/30/2020,,2.06737,80%,04/01/2017,03/31/2020,,N,07/01/2019,06/30/2020,
050104,SAINT FRANCIS MEDICAL CENTER,31080,"Los Angeles-Long Beach-Anaheim, CA",79.94,10%,07/01/2019,06/30/2020,,N/A,N/A,04/01/2017,03/31/2020,1,N,07/01/2019,06/30/2020,
050112,SANTA MONICA - UCLA MEDICAL CENTER & ORTHOPAEDIC HOSPITAL,31080,"Los Angeles-Long Beach-Anaheim, CA",88.50,90%,07/01/2019,06/30/2020,,2.17745,70%,04/01/2017,03/31/2020,,N,07/01/2019,06/30/2020,
050116,NORTHRIDGE HOSPITAL MEDICAL CENTER,31080,"Los Angeles-Long Beach-Anaheim, CA",86.75,70%,07/01/2019,06/30/2020,,2.2102,70%,04/01/2017,03/31/2020,,N,07/01/2019,06/30/2020,
050124,USC VERDUGO HILLS HOSPITAL,31080,"Los Angeles-Long Beach-Anaheim, CA",84.13,30%,07/01/2019,06/30/2020,,2.57698,30%,04/01/2017,03/31/2020,,N,07/01/2019,06/30/2020,*
050126,VALLEY PRESBYTERIAN HOSPITAL,31080,"Los Angeles-Long Beach-Anaheim, CA",85.25,40%,07/01/2019,06/30/2020,,2.01916,90%,04/01/2017,03/31/2020,,N,07/01/2019,06/30/2020,
050132,SAN GABRIEL VALLEY MEDICAL CENTER,31080,"Los Angeles-Long Beach-Anaheim, CA",86.44,60%,07/01/2019,06/30/2020,,2.02768,90%,04/01/2017,03/31/2020,,N,07/01/2019,06/30/2020,
050135,SOUTHERN CALIFORNIA HOSPITAL AT HOLLYWOOD,31080,"Los Angeles-Long Beach-Anaheim, CA",72.94,10%,07/01/2019,06/30/2020,,N/A,N/A,04/01/2017,03/31/2020,5,N,07/01/2019,06/30/2020,
050168,ST JUDE MEDICAL CENTER,31080,"Los Angeles-Long Beach-Anaheim, CA",85.81,50%,07/01/2019,06/30/2020,,3.29811,10%,04/01/2017,03/31/2020,,N,07/01/2019,06/30/2020,
050169,PRESBYTERIAN INTERCOMMUNITY HOSPITAL,31080,"Los Angeles-Long Beach-Anaheim, CA",87.00,70%,07/01/2019,06/30/2020,,1.98989,90%,04/01/2017,03/31/2020,,N,07/01/2019,06/30/2020,
050179,EMANUEL MEDICAL CENTER,33700,"Modesto, CA",83.88,30%,07/01/2019,06/30/2020,,2.97193,20%,04/01/2017,03/31/2020,,N,07/01/2019,06/30/2020,*
050180,JOHN MUIR MEDICAL CENTER - WALNUT CREEK CAMPUS,41860,"San Francisco-Oakland-Hayward, CA",86.88,70%,07/01/2019,06/30/2020,,2.20608,70%,04/01/2017,03/31/2020,,Y,07/01/2019,06/30/2020,
050191,ST MARY MEDICAL CENTER,31080,"Los Angeles-Long Beach-Anaheim, CA",83.38,20%,07/01/2019,06/30/2020,,N/A,N/A,04/01/2017,03/31/2020,1,N,07/01/2019,06/30/2020,
050195,WASHINGTON HOSPITAL,41860,"San Francisco-Oakland-Hayward, CA",86.13,60%,07/01/2019,06/30/2020,,2.0881,80%,04/01/2017,03/31/2020,,N,07/01/2019,06/30/2020,
050204,PALMDALE REGIONAL MEDICAL CENTER,31080,"Los Angeles-Long Beach-Anaheim, CA",84.31,30%,07/01/2019,06/30/2020,,3.53865,10%,04/01/2017,03/31/2020,,N,07/01/2019,06/30/2020,*
050224,HOAG MEMORIAL HOSPITAL PRESBYTERIAN,31080,"Los Angeles-Long Beach-Anaheim, CA",87.44,80%,07/01/2019,06/30/2020,,N/A,N/A,04/01/2017,03/31/2020,5,N,07/01/2019,06/30/2020,
050226,AHMC ANAHEIM REGIONAL MEDICAL CENTER,31080,"Los Angeles-Long Beach-Anaheim, CA",83.31,20%,07/01/2019,06/30/2020,,2.10457,80%,04/01/2017,03/31/2020,,N,07/01/2019,06/30/2020,
050230,GARDEN GROVE HOSPITAL & MEDICAL CENTER,31080,"Los Angeles-Long Beach-Anaheim, CA",82.56,20%,07/01/2019,06/30/2020,,N/A,N/A,04/01/2017,03/31/2020,1,N,07/01/2019,06/30/2020,
050231,POMONA VALLEY HOSPITAL MEDICAL CENTER,31080,"Los Angeles-Long Beach-Anaheim, CA",81.69,10%,07/01/2019,06/30/2020,,2.1884,70%,04/01/2017,03/31/2020,,N,07/01/2019,06/30/2020,
050238,METHODIST HOSPITAL OF SOUTHERN CA,31080,"Los Angeles-Long Beach-Anaheim, CA",83.88,30%,07/01/2019,06/30/2020,,2.00566,90%,04/01/2017,03/31/2020,,N,07/01/2019,06/30/2020,
050239,GLENDALE ADVENTIST MEDICAL CENTER,31080,"Los Angeles-Long Beach-Anaheim, CA",84.81,40%,07/01/2019,06/30/2020,,1.88191,100%,04/01/2017,03/31/2020,,N,07/01/2019,06/30/2020,
050262,RONALD REAGAN U C L A MEDICAL CENTER,31080,"Los Angeles-Long Beach-Anaheim, CA",87.56,80%,07/01/2019,06/30/2020,,2.1999,70%,04/01/2017,03/31/2020,,N,07/01/2019,06/30/2020,
050281,ALHAMBRA HOSPITAL MEDICAL CENTER,31080,"Los Angeles-Long Beach-Anaheim, CA",89.63,100%,07/01/2019,06/30/2020,,N/A,N/A,04/01/2017,03/31/2020,5,N,07/01/2019,06/30/2020,
050290,PROVIDENCE SAINT JOHN'S HEALTH CENTER,31080,"Los Angeles-Long Beach-Anaheim, CA",83.63,20%,07/01/2019,06/30/2020,,1.54183,100%,04/01/2017,03/31/2020,,N,07/01/2019,06/30/2020,
50350,BEVERLY HOSPITAL,31080,"Los Angeles-Long Beach-Anaheim, CA",82.00,10%,07/01/2019,06/30/2020,,2.40156,50%,04/01/2017,03/31/2020,,N,07/01/2019,06/30/2020,
050351,Torrance Memorial Medical Center,31080,"Los Angeles-Long Beach-Anaheim, CA",87.38,80%,07/01/2019,06/30/2020,,1.82842,100%,04/01/2017,03/31/2020,,N,07/01/2019,06/30/2020,
050353,PROVIDENCE LITTLE COMPANY OF MARY MEDICAL CENTER TORRANCE,31080,"Los Angeles-Long Beach-Anaheim, CA",85.31,40%,07/01/2019,06/30/2020,,2.46596,40%,04/01/2017,03/31/2020,,N,07/01/2019,06/30/2020,
050360,MARIN GENERAL HOSPITAL,41860,"San Francisco-Oakland-Hayward, CA",83.25,20%,07/01/2019,06/30/2020,,2.62455,30%,04/01/2017,03/31/2020,,N,07/01/2019,06/30/2020,*
050376,LAC-HARBOR-UCLA MED CENTER,31080,"Los Angeles-Long Beach-Anaheim, CA",82.06,10%,07/01/2019,06/30/2020,,3.05268,10%,04/01/2017,03/31/2020,,N,07/01/2019,06/30/2020,*
050382,CITRUS VALLEY MEDICAL CENTER INTER-COMMUNITY CAMPUS,31080,"Los Angeles-Long Beach-Anaheim, CA",84.13,30%,07/01/2019,06/30/2020,,2.34964,60%,04/01/2017,03/31/2020,,N,07/01/2019,06/30/2020,
050393,PIH HOSPITAL - DOWNEY,31080,"Los Angeles-Long Beach-Anaheim, CA",84.38,30%,07/01/2019,06/30/2020,,2.21271,70%,04/01/2017,03/31/2020,,N,07/01/2019,06/30/2020,
050426,WEST ANAHEIM MEDICAL CENTER,31080,"Los Angeles-Long Beach-Anaheim, CA",83.50,20%,07/01/2019,06/30/2020,,N/A,N/A,04/01/2017,03/31/2020,1,N,07/01/2019,06/30/2020,
050438,HUNTINGTON MEMORIAL HOSPITAL,31080,"Los Angeles-Long Beach-Anaheim, CA",84.25,30%,07/01/2019,06/30/2020,,1.68692,100%,04/01/2017,03/31/2020,,N,07/01/2019,06/30/2020,
050471,GOOD SAMARITAN HOSPITAL,31080,"Los Angeles-Long Beach-Anaheim, CA",82.94,20%,07/01/2019,06/30/2020,,2.51394,40%,04/01/2017,03/31/2020,,N,07/01/2019,06/30/2020,
050481,WEST HILLS HOSPITAL & MEDICAL CENTER,31080,"Los Angeles-Long Beach-Anaheim, CA",81.75,10%,07/01/2019,06/30/2020,,2.53236,40%,04/01/2017,03/31/2020,,N,07/01/2019,06/30/2020,
050485,LONG BEACH MEMORIAL MEDICAL CENTER,31080,"Los Angeles-Long Beach-Anaheim, CA",84.63,30%,07/01/2019,06/30/2020,,2.04724,90%,04/01/2017,03/31/2020,,N,07/01/2019,06/30/2020,
050496,JOHN MUIR MEDICAL CENTER - CONCORD CAMPUS,41860,"San Francisco-Oakland-Hayward, CA",86.31,60%,07/01/2019,06/30/2020,,1.47296,100%,04/01/2017,03/31/2020,,Y,07/01/2019,06/30/2020,
050502,SAINT VINCENT MEDICAL CENTER,31080,"Los Angeles-Long Beach-Anaheim, CA",80.75,10%,07/01/2019,06/30/2020,,2.68877,30%,04/01/2017,03/31/2020,,N,07/01/2019,06/30/2020,*
050526,HUNTINGTON BEACH HOSPITAL,31080,"Los Angeles-Long Beach-Anaheim, CA",76.63,10%,07/01/2019,06/30/2020,,N/A,N/A,04/01/2017,03/31/2020,5,N,07/01/2019,06/30/2020,
050551,LOS ALAMITOS MEDICAL CENTER,31080,"Los Angeles-Long Beach-Anaheim, CA",82.31,20%,07/01/2019,06/30/2020,,2.77831,20%,04/01/2017,03/31/2020,,N,07/01/2019,06/30/2020,*
050567,MISSION HOSPITAL REGIONAL MED CENTER,31080,"Los Angeles-Long Beach-Anaheim, CA",86.69,70%,07/01/2019,06/30/2020,,2.7776,20%,04/01/2017,03/31/2020,,N,07/01/2019,06/30/2020,
050570,FOUNTAIN VALLEY REGIONAL HOSPITAL & MEDICAL CENTER,31080,"Los Angeles-Long Beach-Anaheim, CA",82.31,20%,07/01/2019,06/30/2020,,3.17454,10%,04/01/2017,03/31/2020,,N,07/01/2019,06/30/2020,*
050580,LA PALMA INTERCOMMUNITY HOSPITAL,31080,"Los Angeles-Long Beach-Anaheim, CA",82.25,10%,07/01/2019,06/30/2020,,N/A,N/A,04/01/2017,03/31/2020,1,N,07/01/2019,06/30/2020,
050581,LAKEWOOD REGIONAL MEDICAL CENTER,31080,"Los Angeles-Long Beach-Anaheim, CA",84.25,30%,07/01/2019,06/30/2020,,2.00216,90%,04/01/2017,03/31/2020,,N,07/01/2019,06/30/2020,
050588,SAN DIMAS COMMUNITY HOSPITAL,31080,"Los Angeles-Long Beach-Anaheim, CA",84.00,30%,07/01/2019,06/30/2020,,2.17699,70%,04/01/2017,03/31/2020,,N,07/01/2019,06/30/2020,
050589,PLACENTIA LINDA HOSPITAL,31080,"Los Angeles-Long Beach-Anaheim, CA",85.00,40%,07/01/2019,06/30/2020,,2.78836,20%,04/01/2017,03/31/2020,,N,07/01/2019,06/30/2020,*
050597,FOOTHILL PRESBYTERIAN HOSPITAL,31080,"Los Angeles-Long Beach-Anaheim, CA",83.56,20%,07/01/2019,06/30/2020,,N/A,N/A,04/01/2017,03/31/2020,1,N,07/01/2019,06/30/2020,
050603,SADDLEBACK MEMORIAL MEDICAL CENTER,31080,"Los Angeles-Long Beach-Anaheim, CA",84.56,30%,07/01/2019,06/30/2020,,2.0458,90%,04/01/2017,03/31/2020,,N,07/01/2019,06/30/2020,
050624,HENRY MAYO NEWHALL  HOSPITAL,31080,"Los Angeles-Long Beach-Anaheim, CA",85.69,50%,07/01/2019,06/30/2020,,2.82608,20%,04/01/2017,03/31/2020,,N,07/01/2019,06/30/2020,
050663,LOS ANGELES COMMUNITY HOSPITAL,31080,"Los Angeles-Long Beach-Anaheim, CA",72.88,10%,07/01/2019,06/30/2020,,N/A,N/A,04/01/2017,03/31/2020,1,N,07/01/2019,06/30/2020,
050678,ORANGE COAST MEMORIAL MEDICAL CENTER,31080,"Los Angeles-Long Beach-Anaheim, CA",84.94,40%,07/01/2019,06/30/2020,,2.19468,70%,04/01/2017,03/31/2020,,N,07/01/2019,06/30/2020,
050696,KECK HOSPITAL OF USC,31080,"Los Angeles-Long Beach-Anaheim, CA",85.56,50%,07/01/2019,06/30/2020,,2.78407,20%,04/01/2017,03/31/2020,,N,07/01/2019,06/30/2020,
050704,MISSION COMMUNITY HOSPITAL,31080,"Los Angeles-Long Beach-Anaheim, CA",81.25,10%,07/01/2019,06/30/2020,,2.32187,60%,04/01/2017,03/31/2020,,N,07/01/2019,06/30/2020,
050717,LAC/RANCHO LOS AMIGOS NATIONAL REHABILITATION  CENTER,31080,"Los Angeles-Long Beach-Anaheim, CA",87.06,70%,07/01/2019,06/30/2020,,2.70502,30%,04/01/2017,03/31/2020,,N,07/01/2019,06/30/2020,
050726,STANISLAUS SURGICAL HOSPITAL,33700,"Modesto, CA",N/A,N/A,07/01/2019,06/30/2020,***,2.30184,60%,04/01/2017,03/31/2020,,N,07/01/2019,06/30/2020,
050735,WHITTIER HOSPITAL MEDICAL CENTER,31080,"Los Angeles-Long Beach-Anaheim, CA",84.19,30%,07/01/2019,06/30/2020,,N/A,N/A,04/01/2017,03/31/2020,1,N,07/01/2019,06/30/2020,
050736,MONTEREY PARK HOSPITAL,31080,"Los Angeles-Long Beach-Anaheim, CA",84.13,30%,07/01/2019,06/30/2020,,2.22338,70%,04/01/2017,03/31/2020,,N,07/01/2019,06/30/2020,
050737,GARFIELD MEDICAL CENTER,31080,"Los Angeles-Long Beach-Anaheim, CA",85.00,40%,07/01/2019,06/30/2020,,N/A,N/A,04/01/2017,03/31/2020,1,N,07/01/2019,06/30/2020,
50739,CENTINELA HOSPITAL MEDICAL CENTER,31080,"Los Angeles-Long Beach-Anaheim, CA",81.56,10%,07/01/2019,06/30/2020,,N/A,N/A,04/01/2017,03/31/2020,1,N,07/01/2019,06/30/2020,
050740,MARINA DEL REY HOSPITAL,31080,"Los Angeles-Long Beach-Anaheim, CA",83.88,30%,07/01/2019,06/30/2020,,2.72741,20%,04/01/2017,03/31/2020,,N,07/01/2019,06/30/2020,*
050742,OLYMPIA MEDICAL CENTER,31080,"Los Angeles-Long Beach-Anaheim, CA",78.94,10%,07/01/2019,06/30/2020,,2.44434,50%,04/01/2017,03/31/2020,,N,07/01/2019,06/30/2020,
050745,CHAPMAN GLOBAL MEDICAL CENTER,31080,"Los Angeles-Long Beach-Anaheim, CA",N/A,N/A,07/01/2019,06/30/2020,***,2.28125,60%,04/01/2017,03/31/2020,,N,07/01/2019,06/30/2020,
050746,ORANGE COUNTY GLOBAL MEDICAL CENTER,31080,"Los Angeles-Long Beach-Anaheim, CA",81.63,10%,07/01/2019,06/30/2020,,N/A,N/A,04/01/2017,03/31/2020,5,N,07/01/2019,06/30/2020,
050755,SHERMAN OAKS HOSPITAL,31080,"Los Angeles-Long Beach-Anaheim, CA",82.63,20%,07/01/2019,06/30/2020,,2.15689,80%,04/01/2017,03/31/2020,,N,07/01/2019,06/30/2020,
050761,PROVIDENCE TARZANA MEDICAL CENTER,31080,"Los Angeles-Long Beach-Anaheim, CA",83.38,20%,07/01/2019,06/30/2020,,2.21702,70%,04/01/2017,03/31/2020,,N,07/01/2019,06/30/2020,
050763,SILVER LAKE MEDICAL CENTER,31080,"Los Angeles-Long Beach-Anaheim, CA",N/A,N/A,07/01/2019,06/30/2020,***,N/A,N/A,04/01/2017,03/31/2020,1,N,07/01/2019,06/30/2020,
050769,HOAG ORTHOPEDIC INSTITUTE,31080,"Los Angeles-Long Beach-Anaheim, CA",91.38,100%,07/01/2019,06/30/2020,,1.39246,100%,04/01/2017,03/31/2020,,Y,07/01/2019,06/30/2020,
060004,PLATTE VALLEY MEDICAL CENTER,19740,"Denver-Aurora-Lakewood, CO",89.06,100%,07/01/2019,06/30/2020,,2.58113,30%,04/01/2017,03/31/2020,,N,07/01/2019,06/30/2020,
060009,LUTHERAN MEDICAL CENTER,19740,"Denver-Aurora-Lakewood, CO",87.50,80%,07/01/2019,06/30/2020,,3.03465,10%,04/01/2017,03/31/2020,,N,07/01/2019,06/30/2020,
060028,SAINT JOSEPH HOSPITAL,19740,"Denver-Aurora-Lakewood, CO",89.44,100%,07/01/2019,06/30/2020,,2.42498,50%,04/01/2017,03/31/2020,,N,07/01/2019,06/30/2020,
060032,ROSE MEDICAL CENTER,19740,"Denver-Aurora-Lakewood, CO",88.25,90%,07/01/2019,06/30/2020,,1.92487,90%,04/01/2017,03/31/2020,,N,07/01/2019,06/30/2020,
060064,Centura Health Porter Adventist Hospital,19740,"Denver-Aurora-Lakewood, CO",86.13,60%,07/01/2019,06/30/2020,,2.15463,80%,04/01/2017,03/31/2020,,N,07/01/2019,06/30/2020,
060112,SKY RIDGE MEDICAL CENTER,19740,"Denver-Aurora-Lakewood, CO",86.06,60%,07/01/2019,06/30/2020,,2.69287,30%,04/01/2017,03/31/2020,,N,07/01/2019,06/30/2020,
060116,GOOD SAMARITAN MEDICAL CENTER,14500,"Boulder, CO",88.19,90%,07/01/2019,06/30/2020,,2.34934,60%,04/01/2017,03/31/2020,,N,07/01/2019,06/30/2020,
070005,WATERBURY HOSPITAL,35300,"New Haven-Milford, CT",84.44,30%,07/01/2019,06/30/2020,,2.12119,80%,04/01/2017,03/31/2020,,N,07/01/2019,06/30/2020,
070007,LAWRENCE & MEMORIAL HOSPITAL,35980,"Norwich-New London, CT",84.88,40%,07/01/2019,06/30/2020,,2.27339,60%,04/01/2017,03/31/2020,,N,07/01/2019,06/30/2020,
070016,SAINT MARYS HOSPITAL,35300,"New Haven-Milford, CT",84.19,30%,07/01/2019,06/30/2020,,2.25807,60%,04/01/2017,03/31/2020,,N,07/01/2019,06/30/2020,
070017,MIDSTATE MEDICAL CENTER,35300,"New Haven-Milford, CT",88.50,90%,07/01/2019,06/30/2020,,1.58125,100%,04/01/2017,03/31/2020,,Y,07/01/2019,06/30/2020,
070024,WILLIAM W BACKUS HOSPITAL,35980,"Norwich-New London, CT",85.94,50%,07/01/2019,06/30/2020,,2.55335,40%,04/01/2017,03/31/2020,,N,07/01/2019,06/30/2020,
070031,GRIFFIN HOSPITAL,35300,"New Haven-Milford, CT",87.06,70%,07/01/2019,06/30/2020,,2.37189,50%,04/01/2017,03/31/2020,,N,07/01/2019,06/30/2020,
100002,BETHESDA HOSPITAL EAST,33100,"Miami-Fort Lauderdale-West Palm Beach, FL",80.44,10%,07/01/2019,06/30/2020,,1.75382,100%,04/01/2017,03/31/2020,,N,07/01/2019,06/30/2020,
100006,ORLANDO HEALTH,36740,"Orlando-Kissimmee-Sanford, FL",86.25,60%,07/01/2019,06/30/2020,,2.18231,70%,04/01/2017,03/31/2020,,N,07/01/2019,06/30/2020,
100007,FLORIDA HOSPITAL,36740,"Orlando-Kissimmee-Sanford, FL",87.31,80%,07/01/2019,06/30/2020,,2.13741,80%,04/01/2017,03/31/2020,,N,07/01/2019,06/30/2020,
100008,BAPTIST HOSPITAL OF MIAMI,33100,"Miami-Fort Lauderdale-West Palm Beach, FL",85.44,50%,07/01/2019,06/30/2020,,1.92209,90%,04/01/2017,03/31/2020,,N,07/01/2019,06/30/2020,
100025,SACRED HEART HOSPITAL,37860,"Pensacola-Ferry Pass-Brent, FL",86.06,60%,07/01/2019,06/30/2020,,1.93066,90%,04/01/2017,03/31/2020,,N,07/01/2019,06/30/2020,
100029,NORTH SHORE MEDICAL CENTER,33100,"Miami-Fort Lauderdale-West Palm Beach, FL",82.19,10%,07/01/2019,06/30/2020,,2.41036,50%,04/01/2017,03/31/2020,,N,07/01/2019,06/30/2020,
100030,HEALTH CENTRAL,36740,"Orlando-Kissimmee-Sanford, FL",84.38,30%,07/01/2019,06/30/2020,,2.52638,40%,04/01/2017,03/31/2020,,N,07/01/2019,06/30/2020,
100032,BAYFRONT HEALTH - ST PETERSBURG,45300,"Tampa-St. Petersburg-Clearwater, FL",82.19,10%,07/01/2019,06/30/2020,,2.78788,20%,04/01/2017,03/31/2020,,N,07/01/2019,06/30/2020,*
100034,MOUNT SINAI MEDICAL CENTER,33100,"Miami-Fort Lauderdale-West Palm Beach, FL",85.50,50%,07/01/2019,06/30/2020,,2.59571,30%,04/01/2017,03/31/2020,,N,07/01/2019,06/30/2020,
100038,MEMORIAL REGIONAL HOSPITAL,33100,"Miami-Fort Lauderdale-West Palm Beach, FL",86.31,60%,07/01/2019,06/30/2020,,2.97432,20%,04/01/2017,03/31/2020,,N,07/01/2019,06/30/2020,
100039,BROWARD HEALTH MEDICAL CENTER,33100,"Miami-Fort Lauderdale-West Palm Beach, FL",81.19,10%,07/01/2019,06/30/2020,,2.66614,30%,04/01/2017,03/31/2020,,N,07/01/2019,06/30/2020,*
100043,MEASE DUNEDIN HOSPITAL,45300,"Tampa-St. Petersburg-Clearwater, FL",90.06,100%,07/01/2019,06/30/2020,,2.47642,40%,04/01/2017,03/31/2020,,N,07/01/2019,06/30/2020,
100044,MARTIN MEDICAL CENTER,38940,"Port St. Lucie, FL",82.88,20%,07/01/2019,06/30/2020,,2.77955,20%,04/01/2017,03/31/2020,,N,07/01/2019,06/30/2020,*
100046,FLORIDA HOSPITAL ZEPHYRHILLS,45300,"Tampa-St. Petersburg-Clearwater, FL",87.25,80%,07/01/2019,06/30/2020,,2.05014,90%,04/01/2017,03/31/2020,,N,07/01/2019,06/30/2020,
100050,LARKIN COMMUNITY HOSPITAL PALM SPRINGS CAMPUS,33100,"Miami-Fort Lauderdale-West Palm Beach, FL",N/A,N/A,07/01/2019,06/30/2020,***,N/A,N/A,04/01/2017,03/31/2020,5,N,07/01/2019,06/30/2020,
100051,SOUTH LAKE HOSPITAL,36740,"Orlando-Kissimmee-Sanford, FL",85.38,50%,07/01/2019,06/30/2020,,3.18748,10%,04/01/2017,03/31/2020,,N,07/01/2019,06/30/2020,
100053,HIALEAH HOSPITAL,33100,"Miami-Fort Lauderdale-West Palm Beach, FL",83.94,30%,07/01/2019,06/30/2020,,N/A,N/A,04/01/2017,03/31/2020,1,N,07/01/2019,06/30/2020,
100055,FLORIDA HOSPITAL NORTH PINELLAS,45300,"Tampa-St. Petersburg-Clearwater, FL",86.19,60%,07/01/2019,06/30/2020,,3.33748,10%,04/01/2017,03/31/2020,,N,07/01/2019,06/30/2020,
100057,FLORIDA HOSPITAL WATERMAN,36740,"Orlando-Kissimmee-Sanford, FL",88.06,90%,07/01/2019,06/30/2020,,2.75246,20%,04/01/2017,03/31/2020,,N,07/01/2019,06/30/2020,
100063,MORTON PLANT NORTH BAY HOSPITAL,45300,"Tampa-St. Petersburg-Clearwater, FL",87.00,70%,07/01/2019,06/30/2020,,2.22764,70%,04/01/2017,03/31/2020,,N,07/01/2019,06/30/2020,
100067,ST ANTHONYS HOSPITAL,45300,"Tampa-St. Petersburg-Clearwater, FL",86.06,60%,07/01/2019,06/30/2020,,3.43257,10%,04/01/2017,03/31/2020,,N,07/01/2019,06/30/2020,
100069,FLORIDA HOSPITAL CARROLLWOOD,45300,"Tampa-St. Petersburg-Clearwater, FL",87.56,80%,07/01/2019,06/30/2020,,2.18572,70%,04/01/2017,03/31/2020,,N,07/01/2019,06/30/2020,
100071,BAYFRONT HEALTH BROOKSVILLE,45300,"Tampa-St. Petersburg-Clearwater, FL",80.69,10%,07/01/2019,06/30/2020,,2.0146,90%,04/01/2017,03/31/2020,,N,07/01/2019,06/30/2020,
100073,HOLY CROSS HOSPITAL,33100,"Miami-Fort Lauderdale-West Palm Beach, FL",83.44,20%,07/01/2019,06/30/2020,,2.24523,70%,04/01/2017,03/31/2020,,N,07/01/2019,06/30/2020,
100075,ST JOSEPHS HOSPITAL,45300,"Tampa-St. Petersburg-Clearwater, FL",87.13,80%,07/01/2019,06/30/2020,,2.75456,20%,04/01/2017,03/31/2020,,N,07/01/2019,06/30/2020,
100080,JFK MEDICAL CENTER,33100,"Miami-Fort Lauderdale-West Palm Beach, FL",80.19,10%,07/01/2019,06/30/2020,,1.88414,100%,04/01/2017,03/31/2020,,N,07/01/2019,06/30/2020,
100084,LEESBURG REGIONAL MEDICAL CENTER,36740,"Orlando-Kissimmee-Sanford, FL",80.69,10%,07/01/2019,06/30/2020,,2.23002,70%,04/01/2017,03/31/2020,,N,07/01/2019,06/30/2020,
100086,BROWARD HEALTH NORTH,33100,"Miami-Fort Lauderdale-West Palm Beach, FL",85.06,40%,07/01/2019,06/30/2020,,1.96005,90%,04/01/2017,03/31/2020,,N,07/01/2019,06/30/2020,
100093,BAPTIST HOSPITAL,37860,"Pensacola-Ferry Pass-Brent, FL",86.50,70%,07/01/2019,06/30/2020,,1.3811,100%,04/01/2017,03/31/2020,,Y,07/01/2019,06/30/2020,
100105,INDIAN RIVER MEDICAL CENTER,42680,"Sebastian-Vero Beach, FL",84.06,30%,07/01/2019,06/30/2020,,1.6857,100%,04/01/2017,03/31/2020,,N,07/01/2019,06/30/2020,
100110,OSCEOLA REGIONAL MEDICAL CENTER,36740,"Orlando-Kissimmee-Sanford, FL",82.25,10%,07/01/2019,06/30/2020,,2.24975,60%,04/01/2017,03/31/2020,,N,07/01/2019,06/30/2020,
100113,UF HEALTH SHANDS HOSPITAL,23540,"Gainesville, FL",86.31,60%,07/01/2019,06/30/2020,,1.67847,100%,04/01/2017,03/31/2020,,Y,07/01/2019,06/30/2020,
100124,SANTA ROSA MEDICAL CENTER,37860,"Pensacola-Ferry Pass-Brent, FL",83.69,20%,07/01/2019,06/30/2020,,2.65206,30%,04/01/2017,03/31/2020,,N,07/01/2019,06/30/2020,*
100125,HOMESTEAD HOSPITAL,33100,"Miami-Fort Lauderdale-West Palm Beach, FL",85.38,50%,07/01/2019,06/30/2020,,N/A,N/A,04/01/2017,03/31/2020,1,N,07/01/2019,06/30/2020,
100126,PALMS OF PASADENA HOSPITAL,45300,"Tampa-St. Petersburg-Clearwater, FL",84.75,40%,07/01/2019,06/30/2020,,2.71746,30%,04/01/2017,03/31/2020,,N,07/01/2019,06/30/2020,*
100127,MORTON PLANT HOSPITAL,45300,"Tampa-St. Petersburg-Clearwater, FL",87.75,80%,07/01/2019,06/30/2020,,1.51313,100%,04/01/2017,03/31/2020,,N,07/01/2019,06/30/2020,
100128,TAMPA GENERAL HOSPITAL,45300,"Tampa-St. Petersburg-Clearwater, FL",86.63,70%,07/01/2019,06/30/2020,,2.16028,80%,04/01/2017,03/31/2020,,N,07/01/2019,06/30/2020,
100131,AVENTURA HOSPITAL AND MEDICAL CENTER,33100,"Miami-Fort Lauderdale-West Palm Beach, FL",81.94,10%,07/01/2019,06/30/2020,,2.58961,30%,04/01/2017,03/31/2020,,N,07/01/2019,06/30/2020,*
100132,SOUTH FLORIDA BAPTIST HOSPITAL,45300,"Tampa-St. Petersburg-Clearwater, FL",88.06,90%,07/01/2019,06/30/2020,,2.34972,50%,04/01/2017,03/31/2020,,N,07/01/2019,06/30/2020,
100154,SOUTH MIAMI HOSPITAL,33100,"Miami-Fort Lauderdale-West Palm Beach, FL",85.44,50%,07/01/2019,06/30/2020,,2.21381,70%,04/01/2017,03/31/2020,,N,07/01/2019,06/30/2020,
100161,CENTRAL FLORIDA REGIONAL HOSPITAL,36740,"Orlando-Kissimmee-Sanford, FL",84.00,30%,07/01/2019,06/30/2020,,2.73657,20%,04/01/2017,03/31/2020,,N,07/01/2019,06/30/2020,*
100167,PLANTATION GENERAL HOSPITAL,33100,"Miami-Fort Lauderdale-West Palm Beach, FL",84.19,30%,07/01/2019,06/30/2020,,2.66506,30%,04/01/2017,03/31/2020,,N,07/01/2019,06/30/2020,*
100168,BOCA RATON REGIONAL HOSPITAL,33100,"Miami-Fort Lauderdale-West Palm Beach, FL",83.44,20%,07/01/2019,06/30/2020,,3.99249,10%,04/01/2017,03/31/2020,,N,07/01/2019,06/30/2020,*
100173,FLORIDA HOSPITAL TAMPA,45300,"Tampa-St. Petersburg-Clearwater, FL",85.00,40%,07/01/2019,06/30/2020,,2.61958,30%,04/01/2017,03/31/2020,,N,07/01/2019,06/30/2020,*
100176,PALM BEACH GARDENS MEDICAL CENTER,33100,"Miami-Fort Lauderdale-West Palm Beach, FL",83.00,20%,07/01/2019,06/30/2020,,2.95391,20%,04/01/2017,03/31/2020,,N,07/01/2019,06/30/2020,*
100180,ST PETERSBURG GENERAL HOSPITAL,45300,"Tampa-St. Petersburg-Clearwater, FL",83.81,30%,07/01/2019,06/30/2020,,N/A,N/A,04/01/2017,03/31/2020,1,N,07/01/2019,06/30/2020,
100181,LARKIN COMMUNITY HOSPITAL,33100,"Miami-Fort Lauderdale-West Palm Beach, FL",N/A,N/A,07/01/2019,06/30/2020,***,N/A,N/A,04/01/2017,03/31/2020,1,N,07/01/2019,06/30/2020,
100183,CORAL GABLES HOSPITAL,33100,"Miami-Fort Lauderdale-West Palm Beach, FL",83.75,20%,07/01/2019,06/30/2020,,N/A,N/A,04/01/2017,03/31/2020,1,N,07/01/2019,06/30/2020,
100187,PALMETTO GENERAL HOSPITAL,33100,"Miami-Fort Lauderdale-West Palm Beach, FL",83.31,20%,07/01/2019,06/30/2020,,2.4279,50%,04/01/2017,03/31/2020,,N,07/01/2019,06/30/2020,
100189,NORTHWEST MEDICAL CENTER,33100,"Miami-Fort Lauderdale-West Palm Beach, FL",78.44,10%,07/01/2019,06/30/2020,,N/A,N/A,04/01/2017,03/31/2020,1,N,07/01/2019,06/30/2020,
100191,MEDICAL CENTER OF TRINITY,45300,"Tampa-St. Petersburg-Clearwater, FL",85.13,40%,07/01/2019,06/30/2020,,1.98697,90%,04/01/2017,03/31/2020,,N,07/01/2019,06/30/2020,
100200,BROWARD HEALTH IMPERIAL POINT,33100,"Miami-Fort Lauderdale-West Palm Beach, FL",84.56,30%,07/01/2019,06/30/2020,,1.97129,90%,04/01/2017,03/31/2020,,N,07/01/2019,06/30/2020,
100204,NORTH FLORIDA REGIONAL MEDICAL CENTER,23540,"Gainesville, FL",82.19,10%,07/01/2019,06/30/2020,,1.33751,100%,04/01/2017,03/31/2020,,N,07/01/2019,06/30/2020,
100206,MEMORIAL HOSPITAL OF TAMPA,45300,"Tampa-St. Petersburg-Clearwater, FL",84.19,30%,07/01/2019,06/30/2020,,2.6841,30%,04/01/2017,03/31/2020,,N,07/01/2019,06/30/2020,*
100209,KENDALL REGIONAL MEDICAL CENTER,33100,"Miami-Fort Lauderdale-West Palm Beach, FL",77.00,10%,07/01/2019,06/30/2020,,2.21979,70%,04/01/2017,03/31/2020,,N,07/01/2019,06/30/2020,
100211,FLORIDA HOSPITAL DADE CITY,45300,"Tampa-St. Petersburg-Clearwater, FL",86.13,60%,07/01/2019,06/30/2020,,N/A,N/A,04/01/2017,03/31/2020,5,N,07/01/2019,06/30/2020,
100217,SEBASTIAN RIVER MEDICAL CENTER,42680,"Sebastian-Vero Beach, FL",78.50,10%,07/01/2019,06/30/2020,,2.16466,80%,04/01/2017,03/31/2020,,N,07/01/2019,06/30/2020,
100224,UNIVERSITY HOSPITAL AND MEDICAL CENTER,33100,"Miami-Fort Lauderdale-West Palm Beach, FL",80.31,10%,07/01/2019,06/30/2020,,2.60094,30%,04/01/2017,03/31/2020,,N,07/01/2019,06/30/2020,*
100228,WESTSIDE REGIONAL MEDICAL CENTER,33100,"Miami-Fort Lauderdale-West Palm Beach, FL",79.50,10%,07/01/2019,06/30/2020,,2.36228,50%,04/01/2017,03/31/2020,,N,07/01/2019,06/30/2020,
100230,MEMORIAL HOSPITAL PEMBROKE,33100,"Miami-Fort Lauderdale-West Palm Beach, FL",85.81,50%,07/01/2019,06/30/2020,,N/A,N/A,04/01/2017,03/31/2020,1,N,07/01/2019,06/30/2020,
100231,WEST FLORIDA HOSPITAL,37860,"Pensacola-Ferry Pass-Brent, FL",83.56,20%,07/01/2019,06/30/2020,,2.45823,40%,04/01/2017,03/31/2020,,N,07/01/2019,06/30/2020,
100238,NORTHSIDE HOSPITAL,45300,"Tampa-St. Petersburg-Clearwater, FL",84.19,30%,07/01/2019,06/30/2020,,3.48989,10%,04/01/2017,03/31/2020,,N,07/01/2019,06/30/2020,*
100243,BRANDON REGIONAL HOSPITAL,45300,"Tampa-St. Petersburg-Clearwater, FL",81.69,10%,07/01/2019,06/30/2020,,2.5873,30%,04/01/2017,03/31/2020,,N,07/01/2019,06/30/2020,*
100246,LAWNWOOD REGIONAL MEDICAL CENTER & HEART INSTITUTE,38940,"Port St. Lucie, FL",78.25,10%,07/01/2019,06/30/2020,,N/A,N/A,04/01/2017,03/31/2020,1,N,07/01/2019,06/30/2020,
100248,LARGO MEDICAL CENTER,45300,"Tampa-St. Petersburg-Clearwater, FL",83.63,20%,07/01/2019,06/30/2020,,3.37734,10%,04/01/2017,03/31/2020,,N,07/01/2019,06/30/2020,*
100253,Jupiter Medical Center,33100,"Miami-Fort Lauderdale-West Palm Beach, FL",86.56,70%,07/01/2019,06/30/2020,,1.94949,90%,04/01/2017,03/31/2020,,N,07/01/2019,06/30/2020,
100256,REGIONAL MEDICAL CENTER BAYONET POINT,45300,"Tampa-St. Petersburg-Clearwater, FL",83.63,20%,07/01/2019,06/30/2020,,2.16042,80%,04/01/2017,03/31/2020,,N,07/01/2019,06/30/2020,
100258,DELRAY MEDICAL CENTER,33100,"Miami-Fort Lauderdale-West Palm Beach, FL",76.63,10%,07/01/2019,06/30/2020,,2.40725,50%,04/01/2017,03/31/2020,,N,07/01/2019,06/30/2020,
100259,SOUTH BAY HOSPITAL,45300,"Tampa-St. Petersburg-Clearwater, FL",83.13,20%,07/01/2019,06/30/2020,,2.51594,40%,04/01/2017,03/31/2020,,N,07/01/2019,06/30/2020,
100260,ST LUCIE MEDICAL CENTER,38940,"Port St. Lucie, FL",85.13,40%,07/01/2019,06/30/2020,,3.27232,10%,04/01/2017,03/31/2020,,Y,07/01/2019,06/30/2020,
100264,OAK HILL HOSPITAL,45300,"Tampa-St. Petersburg-Clearwater, FL",83.25,20%,07/01/2019,06/30/2020,,2.55744,40%,04/01/2017,03/31/2020,,N,07/01/2019,06/30/2020,
100265,MEASE COUNTRYSIDE HOSPITAL,45300,"Tampa-St. Petersburg-Clearwater, FL",87.19,80%,07/01/2019,06/30/2020,,1.97954,90%,04/01/2017,03/31/2020,,N,07/01/2019,06/30/2020,
100266,GULF BREEZE HOSPITAL,37860,"Pensacola-Ferry Pass-Brent, FL",88.06,90%,07/01/2019,06/30/2020,,2.2258,70%,04/01/2017,03/31/2020,,Y,07/01/2019,06/30/2020,
100268,WEST BOCA MEDICAL CENTER,33100,"Miami-Fort Lauderdale-West Palm Beach, FL",81.06,10%,07/01/2019,06/30/2020,,2.35649,50%,04/01/2017,03/31/2020,,N,07/01/2019,06/30/2020,
100269,PALMS WEST HOSPITAL,33100,"Miami-Fort Lauderdale-West Palm Beach, FL",81.69,10%,07/01/2019,06/30/2020,,N/A,N/A,04/01/2017,03/31/2020,1,N,07/01/2019,06/30/2020,
100275,WELLINGTON REGIONAL MEDICAL CENTER,33100,"Miami-Fort Lauderdale-West Palm Beach, FL",82.13,10%,07/01/2019,06/30/2020,,2.54837,40%,04/01/2017,03/31/2020,,N,07/01/2019,06/30/2020,
100276,BROWARD HEALTH CORAL SPRINGS,33100,"Miami-Fort Lauderdale-West Palm Beach, FL",82.81,20%,07/01/2019,06/30/2020,,N/A,N/A,04/01/2017,03/31/2020,1,N,07/01/2019,06/30/2020,
100281,MEMORIAL HOSPITAL WEST,33100,"Miami-Fort Lauderdale-West Palm Beach, FL",87.38,80%,07/01/2019,06/30/2020,,2.70323,30%,04/01/2017,03/31/2020,,N,07/01/2019,06/30/2020,
100284,WESTCHESTER GENERAL HOSPITAL,33100,"Miami-Fort Lauderdale-West Palm Beach, FL",N/A,N/A,07/01/2019,06/30/2020,***,N/A,N/A,04/01/2017,03/31/2020,1,N,07/01/2019,06/30/2020,
100285,MEMORIAL HOSPITAL MIRAMAR,33100,"Miami-Fort Lauderdale-West Palm Beach, FL",87.00,70%,07/01/2019,06/30/2020,,N/A,N/A,04/01/2017,03/31/2020,1,N,07/01/2019,06/30/2020,
100286,PHYSICIANS REGIONAL MEDICAL CENTER - PINE RIDGE,34940,"Naples-Immokalee-Marco Island, FL",81.69,10%,07/01/2019,06/30/2020,,1.94164,90%,04/01/2017,03/31/2020,,N,07/01/2019,06/30/2020,
100287,GOOD SAMARITAN MEDICAL CENTER,33100,"Miami-Fort Lauderdale-West Palm Beach, FL",81.50,10%,07/01/2019,06/30/2020,,1.96077,90%,04/01/2017,03/31/2020,,N,07/01/2019,06/30/2020,
100288,ST MARY'S MEDICAL CENTER,33100,"Miami-Fort Lauderdale-West Palm Beach, FL",81.00,10%,07/01/2019,06/30/2020,,2.52055,40%,04/01/2017,03/31/2020,,N,07/01/2019,06/30/2020,
100289,CLEVELAND CLINIC HOSPITAL,33100,"Miami-Fort Lauderdale-West Palm Beach, FL",87.13,80%,07/01/2019,06/30/2020,,1.77023,100%,04/01/2017,03/31/2020,,N,07/01/2019,06/30/2020,
100296,DOCTORS HOSPITAL,33100,"Miami-Fort Lauderdale-West Palm Beach, FL",87.56,80%,07/01/2019,06/30/2020,,1.51787,100%,04/01/2017,03/31/2020,,N,07/01/2019,06/30/2020,
100302,ST CLOUD REGIONAL MEDICAL CENTER,36740,"Orlando-Kissimmee-Sanford, FL",79.50,10%,07/01/2019,06/30/2020,,N/A,N/A,04/01/2017,03/31/2020,1,N,07/01/2019,06/30/2020,
100314,WEST KENDALL BAPTIST HOSPITAL,33100,"Miami-Fort Lauderdale-West Palm Beach, FL",86.00,60%,07/01/2019,06/30/2020,,N/A,N/A,04/01/2017,03/31/2020,1,N,07/01/2019,06/30/2020,
100319,FLORIDA HOSPITAL WESLEY CHAPEL,45300,"Tampa-St. Petersburg-Clearwater, FL",88.00,90%,07/01/2019,06/30/2020,,2.25872,60%,04/01/2017,03/31/2020,,N,07/01/2019,06/30/2020,
110029,"NORTHEAST GEORGIA MEDICAL CENTER, INC",23580,"Gainesville, GA",82.94,20%,07/01/2019,06/30/2020,,2.15001,80%,04/01/2017,03/31/2020,,N,07/01/2019,06/30/2020,
110074,ATHENS REGIONAL MEDICAL CENTER,12020,"Athens-Clarke County, GA",86.38,60%,07/01/2019,06/30/2020,,2.87642,20%,04/01/2017,03/31/2020,,N,07/01/2019,06/30/2020,
150005,HENDRICKS REGIONAL HEALTH,26900,"Indianapolis-Carmel-Anderson, IN",88.56,90%,07/01/2019,06/30/2020,,2.28645,60%,04/01/2017,03/31/2020,,N,07/01/2019,06/30/2020,
150012,SAINT JOSEPH REGIONAL MEDICAL CENTER,43780,"South Bend-Mishawaka, IN-MI",84.75,40%,07/01/2019,06/30/2020,,2.01784,90%,04/01/2017,03/31/2020,,N,07/01/2019,06/30/2020,
150037,HANCOCK REGIONAL HOSPITAL,26900,"Indianapolis-Carmel-Anderson, IN",87.94,90%,07/01/2019,06/30/2020,,2.58465,30%,04/01/2017,03/31/2020,,N,07/01/2019,06/30/2020,
150058,MEMORIAL HOSPITAL OF SOUTH BEND,43780,"South Bend-Mishawaka, IN-MI",84.69,30%,07/01/2019,06/30/2020,,1.65747,100%,04/01/2017,03/31/2020,,N,07/01/2019,06/30/2020,
150086,DEARBORN COUNTY HOSPITAL,17140,"Cincinnati, OH-KY-IN",89.31,100%,07/01/2019,06/30/2020,,3.17691,10%,04/01/2017,03/31/2020,,N,07/01/2019,06/30/2020,
150160,ORTHOINDY HOSPITAL,26900,"Indianapolis-Carmel-Anderson, IN",91.81,100%,07/01/2019,06/30/2020,,1.97694,90%,04/01/2017,03/31/2020,,N,07/01/2019,06/30/2020,
170016,ST FRANCIS HEALTH CENTER INC,45820,"Topeka, KS",86.88,70%,07/01/2019,06/30/2020,,2.78109,20%,04/01/2017,03/31/2020,,N,07/01/2019,06/30/2020,
170049,OLATHE MEDICAL CENTER,28140,"Kansas City, MO-KS",87.63,80%,07/01/2019,06/30/2020,,2.92075,20%,04/01/2017,03/31/2020,,N,07/01/2019,06/30/2020,
170109,MIAMI COUNTY MEDICAL CENTER,28140,"Kansas City, MO-KS",N/A,N/A,07/01/2019,06/30/2020,***,2.21141,70%,04/01/2017,03/31/2020,,N,07/01/2019,06/30/2020,
170183,KANSAS SURGERY AND RECOVERY CENTER,48620,"Wichita, KS",91.63,100%,07/01/2019,06/30/2020,,1.36568,100%,04/01/2017,03/31/2020,,N,07/01/2019,06/30/2020,
170188,KANSAS CITY ORTHOPAEDIC INSTITUTE,28140,"Kansas City, MO-KS",93.44,100%,07/01/2019,06/30/2020,,1.48525,100%,04/01/2017,03/31/2020,,N,07/01/2019,06/30/2020,
180001,ST ELIZABETH FT THOMAS,17140,"Cincinnati, OH-KY-IN",87.44,80%,07/01/2019,06/30/2020,,N/A,N/A,04/01/2017,03/31/2020,5,N,07/01/2019,06/30/2020,**
180035,ST ELIZABETH MEDICAL CENTER NORTH,17140,"Cincinnati, OH-KY-IN",88.19,90%,07/01/2019,06/30/2020,,2.16788,80%,04/01/2017,03/31/2020,,N,07/01/2019,06/30/2020,
180045,ST ELIZABETH FLORENCE,17140,"Cincinnati, OH-KY-IN",89.06,100%,07/01/2019,06/30/2020,,N/A,N/A,04/01/2017,03/31/2020,5,N,07/01/2019,06/30/2020,
190036,OCHSNER MEDICAL CENTER,35380,"New Orleans-Metairie, LA",86.19,60%,07/01/2019,06/30/2020,,2.15811,80%,04/01/2017,03/31/2020,,N,07/01/2019,06/30/2020,
190039,WEST JEFFERSON MEDICAL CENTER,35380,"New Orleans-Metairie, LA",84.44,30%,07/01/2019,06/30/2020,,2.48822,40%,04/01/2017,03/31/2020,,N,07/01/2019,06/30/2020,
190040,SLIDELL MEMORIAL HOSPITAL,35380,"New Orleans-Metairie, LA",84.63,30%,07/01/2019,06/30/2020,,2.51549,40%,04/01/2017,03/31/2020,,N,07/01/2019,06/30/2020,
190045,ST TAMMANY PARISH HOSPITAL,35380,"New Orleans-Metairie, LA",88.50,90%,07/01/2019,06/30/2020,,2.43766,50%,04/01/2017,03/31/2020,,Y,07/01/2019,06/30/2020,
190046,TOURO INFIRMARY,35380,"New Orleans-Metairie, LA",86.25,60%,07/01/2019,06/30/2020,,1.99366,90%,04/01/2017,03/31/2020,,N,07/01/2019,06/30/2020,
190079,ST CHARLES PARISH HOSPITAL,35380,"New Orleans-Metairie, LA",N/A,N/A,07/01/2019,06/30/2020,***,N/A,N/A,04/01/2017,03/31/2020,1,N,07/01/2019,06/30/2020,**
190125,ST FRANCIS MEDICAL CENTER,33740,"Monroe, LA",86.63,70%,07/01/2019,06/30/2020,,2.17892,70%,04/01/2017,03/31/2020,,N,07/01/2019,06/30/2020,
190146,EAST JEFFERSON GENERAL HOSPITAL,35380,"New Orleans-Metairie, LA",85.13,40%,07/01/2019,06/30/2020,,2.56506,40%,04/01/2017,03/31/2020,,N,07/01/2019,06/30/2020,
190160,GLENWOOD REGIONAL MEDICAL CENTER,33740,"Monroe, LA",83.94,30%,07/01/2019,06/30/2020,,2.55837,40%,04/01/2017,03/31/2020,,Y,07/01/2019,06/30/2020,
190176,TULANE MEDICAL CENTER,35380,"New Orleans-Metairie, LA",85.63,50%,07/01/2019,06/30/2020,,2.39614,50%,04/01/2017,03/31/2020,,N,07/01/2019,06/30/2020,
190204,"OCHSNER MEDICAL CENTER - NORTHSHORE, L L C",35380,"New Orleans-Metairie, LA",85.94,50%,07/01/2019,06/30/2020,,2.95068,20%,04/01/2017,03/31/2020,,N,07/01/2019,06/30/2020,
190256,STERLING SURGICAL HOSPITAL,35380,"New Orleans-Metairie, LA",N/A,N/A,07/01/2019,06/30/2020,***,2.22364,70%,04/01/2017,03/31/2020,,N,07/01/2019,06/30/2020,
190267,FAIRWAY MEDICAL CENTER,35380,"New Orleans-Metairie, LA",91.19,100%,07/01/2019,06/30/2020,,1.93956,90%,04/01/2017,03/31/2020,,N,07/01/2019,06/30/2020,
190270,SOUTHERN SURGICAL HOSPITAL,35380,"New Orleans-Metairie, LA",93.44,100%,07/01/2019,06/30/2020,,2.67287,30%,04/01/2017,03/31/2020,,N,07/01/2019,06/30/2020,
190274,OCHSNER MEDICAL CENTER KENNER,35380,"New Orleans-Metairie, LA",85.19,40%,07/01/2019,06/30/2020,,2.41434,50%,04/01/2017,03/31/2020,,N,07/01/2019,06/30/2020,
230070,COVENANT MEDICAL CENTER,40980,"Saginaw, MI",86.19,60%,07/01/2019,06/30/2020,,2.53921,40%,04/01/2017,03/31/2020,,Y,07/01/2019,06/30/2020,
230132,HURLEY MEDICAL CENTER,22420,"Flint, MI",82.13,10%,07/01/2019,06/30/2020,,3.09298,10%,04/01/2017,03/31/2020,,Y,07/01/2019,06/30/2020,*
230141,MCLAREN FLINT,22420,"Flint, MI",82.63,20%,07/01/2019,06/30/2020,,2.28385,60%,04/01/2017,03/31/2020,,N,07/01/2019,06/30/2020,
250141,BAPTIST MEMORIAL HOSPITAL DESOTO,32820,"Memphis, TN-MS-AR",83.44,20%,07/01/2019,06/30/2020,,N/A,N/A,04/01/2017,03/31/2020,1,N,07/01/2019,06/30/2020,
260162,BARNES-JEWISH WEST COUNTY HOSPITAL,41180,"St. Louis, MO-IL",88.69,90%,07/01/2019,06/30/2020,,2.38972,50%,04/01/2017,03/31/2020,,N,07/01/2019,06/30/2020,
260179,ST LUKES HOSPITAL,41180,"St. Louis, MO-IL",87.63,80%,07/01/2019,06/30/2020,,1.93372,90%,04/01/2017,03/31/2020,,N,07/01/2019,06/30/2020,
260193,ST MARY'S MEDICAL CENTER,28140,"Kansas City, MO-KS",86.50,70%,07/01/2019,06/30/2020,,2.53497,40%,04/01/2017,03/31/2020,,N,07/01/2019,06/30/2020,
280127,LINCOLN SURGICAL HOSPITAL,30700,"Lincoln, NE",93.13,100%,07/01/2019,06/30/2020,,1.82952,100%,04/01/2017,03/31/2020,,Y,07/01/2019,06/30/2020,
310001,HACKENSACK UNIVERSITY MEDICAL CENTER,35620,"New York-Newark-Jersey City, NY-NJ-PA",83.06,20%,07/01/2019,06/30/2020,,1.71948,100%,04/01/2017,03/31/2020,,N,07/01/2019,06/30/2020,
310002,NEWARK BETH ISRAEL MEDICAL CENTER,35620,"New York-Newark-Jersey City, NY-NJ-PA",83.25,20%,07/01/2019,06/30/2020,,2.21185,70%,04/01/2017,03/31/2020,,N,07/01/2019,06/30/2020,
310003,HACKENSACK UMC PALISADES,35620,"New York-Newark-Jersey City, NY-NJ-PA",82.38,20%,07/01/2019,06/30/2020,,N/A,N/A,04/01/2017,03/31/2020,1,N,07/01/2019,06/30/2020,
310005,HUNTERDON MEDICAL CENTER,35620,"New York-Newark-Jersey City, NY-NJ-PA",87.50,80%,07/01/2019,06/30/2020,,2.19252,70%,04/01/2017,03/31/2020,,N,07/01/2019,06/30/2020,
310006,ST MARY'S GENERAL HOSPITAL,35620,"New York-Newark-Jersey City, NY-NJ-PA",81.00,10%,07/01/2019,06/30/2020,,N/A,N/A,04/01/2017,03/31/2020,1,N,07/01/2019,06/30/2020,
310008,HOLY NAME MEDICAL CENTER,35620,"New York-Newark-Jersey City, NY-NJ-PA",86.06,60%,07/01/2019,06/30/2020,,3.18279,10%,04/01/2017,03/31/2020,,N,07/01/2019,06/30/2020,
310009,CLARA MAASS MEDICAL CENTER,35620,"New York-Newark-Jersey City, NY-NJ-PA",82.81,20%,07/01/2019,06/30/2020,,2.20593,70%,04/01/2017,03/31/2020,,N,07/01/2019,06/30/2020,
310010,UNIVERSITY MEDICAL CENTER OF PRINCETON AT PLAINSBORO,35620,"New York-Newark-Jersey City, NY-NJ-PA",86.19,60%,07/01/2019,06/30/2020,,2.35655,50%,04/01/2017,03/31/2020,,N,07/01/2019,06/30/2020,
310012,VALLEY HOSPITAL,35620,"New York-Newark-Jersey City, NY-NJ-PA",86.38,60%,07/01/2019,06/30/2020,,1.95662,90%,04/01/2017,03/31/2020,,N,07/01/2019,06/30/2020,
310015,MORRISTOWN MEDICAL CENTER,35620,"New York-Newark-Jersey City, NY-NJ-PA",85.75,50%,07/01/2019,06/30/2020,,1.72755,100%,04/01/2017,03/31/2020,,Y,07/01/2019,06/30/2020,
310016,CAREPOINT HEALTH-CHRIST HOSPITAL,35620,"New York-Newark-Jersey City, NY-NJ-PA",81.94,10%,07/01/2019,06/30/2020,,N/A,N/A,04/01/2017,03/31/2020,1,N,07/01/2019,06/30/2020,
310017,CHILTON MEDICAL CENTER,35620,"New York-Newark-Jersey City, NY-NJ-PA",86.13,60%,07/01/2019,06/30/2020,,2.81105,20%,04/01/2017,03/31/2020,,Y,07/01/2019,06/30/2020,
310019,ST JOSEPH'S REGIONAL MEDICAL CENTER,35620,"New York-Newark-Jersey City, NY-NJ-PA",81.75,10%,07/01/2019,06/30/2020,,3.04452,10%,04/01/2017,03/31/2020,,N,07/01/2019,06/30/2020,*
310024,ROBERT WOOD JOHNSON UNIVERSITY HOSPITAL AT RAHWAY,35620,"New York-Newark-Jersey City, NY-NJ-PA",82.88,20%,07/01/2019,06/30/2020,,2.47074,40%,04/01/2017,03/31/2020,,N,07/01/2019,06/30/2020,
310025,CAREPOINT HEALTH - BAYONNE MEDICAL CENTER,35620,"New York-Newark-Jersey City, NY-NJ-PA",80.94,10%,07/01/2019,06/30/2020,,N/A,N/A,04/01/2017,03/31/2020,1,N,07/01/2019,06/30/2020,
310027,TRINITAS REGIONAL MEDICAL CENTER,35620,"New York-Newark-Jersey City, NY-NJ-PA",78.88,10%,07/01/2019,06/30/2020,,2.19909,70%,04/01/2017,03/31/2020,,N,07/01/2019,06/30/2020,
310028,NEWTON MEDICAL CENTER,35620,"New York-Newark-Jersey City, NY-NJ-PA",85.56,50%,07/01/2019,06/30/2020,,2.70566,30%,04/01/2017,03/31/2020,,Y,07/01/2019,06/30/2020,
310034,RIVERVIEW MEDICAL CENTER,35620,"New York-Newark-Jersey City, NY-NJ-PA",83.88,30%,07/01/2019,06/30/2020,,2.44513,50%,04/01/2017,03/31/2020,,N,07/01/2019,06/30/2020,
310038,ROBERT WOOD JOHNSON UNIVERSITY HOSPITAL,35620,"New York-Newark-Jersey City, NY-NJ-PA",83.56,20%,07/01/2019,06/30/2020,,1.69466,100%,04/01/2017,03/31/2020,,N,07/01/2019,06/30/2020,
310039,RARITAN BAY MEDICAL CENTER PERTH AMBOY DIVISION,35620,"New York-Newark-Jersey City, NY-NJ-PA",81.69,10%,07/01/2019,06/30/2020,,2.36085,50%,04/01/2017,03/31/2020,,N,07/01/2019,06/30/2020,
310040,CAREPOINT HEALTH-HOBOKEN UNIVERSITY MEDICAL CENTER,35620,"New York-Newark-Jersey City, NY-NJ-PA",83.13,20%,07/01/2019,06/30/2020,,2.65096,30%,04/01/2017,03/31/2020,,N,07/01/2019,06/30/2020,*
310041,COMMUNITY MEDICAL CENTER,35620,"New York-Newark-Jersey City, NY-NJ-PA",83.38,20%,07/01/2019,06/30/2020,,2.19062,70%,04/01/2017,03/31/2020,,N,07/01/2019,06/30/2020,
310045,ENGLEWOOD HOSPITAL AND MEDICAL CENTER,35620,"New York-Newark-Jersey City, NY-NJ-PA",84.19,30%,07/01/2019,06/30/2020,,2.52415,40%,04/01/2017,03/31/2020,,N,07/01/2019,06/30/2020,
310048,ROBERT WOOD JOHNSON UNIVERSITY HOSPITAL SOMERSET,35620,"New York-Newark-Jersey City, NY-NJ-PA",84.69,30%,07/01/2019,06/30/2020,,2.89096,20%,04/01/2017,03/31/2020,,N,07/01/2019,06/30/2020,*
310050,SAINT CLARE'S HOSPITAL,35620,"New York-Newark-Jersey City, NY-NJ-PA",84.50,30%,07/01/2019,06/30/2020,,2.20329,70%,04/01/2017,03/31/2020,,N,07/01/2019,06/30/2020,
310051,OVERLOOK MEDICAL CENTER,35620,"New York-Newark-Jersey City, NY-NJ-PA",84.69,30%,07/01/2019,06/30/2020,,2.15937,80%,04/01/2017,03/31/2020,,N,07/01/2019,06/30/2020,
310052,OCEAN MEDICAL CENTER,35620,"New York-Newark-Jersey City, NY-NJ-PA",83.38,20%,07/01/2019,06/30/2020,,1.77713,100%,04/01/2017,03/31/2020,,N,07/01/2019,06/30/2020,
310054,HACKENSACK-UMC MOUNTAINSIDE,35620,"New York-Newark-Jersey City, NY-NJ-PA",83.31,20%,07/01/2019,06/30/2020,,2.63045,30%,04/01/2017,03/31/2020,,N,07/01/2019,06/30/2020,*
310070,SAINT PETER'S UNIVERSITY HOSPITAL,35620,"New York-Newark-Jersey City, NY-NJ-PA",84.75,40%,07/01/2019,06/30/2020,,2.52219,40%,04/01/2017,03/31/2020,,N,07/01/2019,06/30/2020,
310073,JERSEY SHORE UNIVERSITY MEDICAL CENTER,35620,"New York-Newark-Jersey City, NY-NJ-PA",81.56,10%,07/01/2019,06/30/2020,,1.95345,90%,04/01/2017,03/31/2020,,N,07/01/2019,06/30/2020,
310074,JERSEY CITY MEDICAL CENTER,35620,"New York-Newark-Jersey City, NY-NJ-PA",82.94,20%,07/01/2019,06/30/2020,,2.45528,40%,04/01/2017,03/31/2020,,N,07/01/2019,06/30/2020,
310075,MONMOUTH MEDICAL CENTER,35620,"New York-Newark-Jersey City, NY-NJ-PA",86.63,70%,07/01/2019,06/30/2020,,1.90071,100%,04/01/2017,03/31/2020,,N,07/01/2019,06/30/2020,
310076,SAINT BARNABAS MEDICAL CENTER,35620,"New York-Newark-Jersey City, NY-NJ-PA",86.31,60%,07/01/2019,06/30/2020,,2.13662,80%,04/01/2017,03/31/2020,,N,07/01/2019,06/30/2020,
310083,EAST ORANGE GENERAL HOSPITAL,35620,"New York-Newark-Jersey City, NY-NJ-PA",78.38,10%,07/01/2019,06/30/2020,,N/A,N/A,04/01/2017,03/31/2020,1,N,07/01/2019,06/30/2020,
310084,MONMOUTH MEDICAL CENTER-SOUTHERN CAMPUS,35620,"New York-Newark-Jersey City, NY-NJ-PA",85.94,50%,07/01/2019,06/30/2020,,N/A,N/A,04/01/2017,03/31/2020,1,N,07/01/2019,06/30/2020,
310096,"SAINT MICHAEL'S MEDICAL CENTER, INC",35620,"New York-Newark-Jersey City, NY-NJ-PA",81.56,10%,07/01/2019,06/30/2020,,N/A,N/A,04/01/2017,03/31/2020,1,N,07/01/2019,06/30/2020,
310108,JFK MEDICAL CTR - ANTHONY M. YELENCSICS COMMUNITY,35620,"New York-Newark-Jersey City, NY-NJ-PA",78.88,10%,07/01/2019,06/30/2020,,2.6091,30%,04/01/2017,03/31/2020,,N,07/01/2019,06/30/2020,*
310111,CENTRASTATE MEDICAL CENTER,35620,"New York-Newark-Jersey City, NY-NJ-PA",81.88,10%,07/01/2019,06/30/2020,,3.25197,10%,04/01/2017,03/31/2020,,N,07/01/2019,06/30/2020,*
310112,BAYSHORE COMMUNITY HOSPITAL,35620,"New York-Newark-Jersey City, NY-NJ-PA",82.31,20%,07/01/2019,06/30/2020,,2.63822,30%,04/01/2017,03/31/2020,,Y,07/01/2019,06/30/2020,*
310113,SOUTHERN OCEAN MEDICAL CENTER,35620,"New York-Newark-Jersey City, NY-NJ-PA",81.63,10%,07/01/2019,06/30/2020,,2.45843,40%,04/01/2017,03/31/2020,,N,07/01/2019,06/30/2020,
310118,HUDSON REGIONAL HOSPITAL,35620,"New York-Newark-Jersey City, NY-NJ-PA",81.44,10%,07/01/2019,06/30/2020,,N/A,N/A,04/01/2017,03/31/2020,1,N,07/01/2019,06/30/2020,
310119,UNIVERSITY HOSPITAL,35620,"New York-Newark-Jersey City, NY-NJ-PA",76.50,10%,07/01/2019,06/30/2020,,N/A,N/A,04/01/2017,03/31/2020,1,N,07/01/2019,06/30/2020,
310130,HACKENSACK-UMC AT PASCACK VALLEY,35620,"New York-Newark-Jersey City, NY-NJ-PA",85.00,40%,07/01/2019,06/30/2020,,3.70715,10%,04/01/2017,03/31/2020,,N,07/01/2019,06/30/2020,*
320021,PRESBYTERIAN HOSPITAL,10740,"Albuquerque, NM",85.44,50%,07/01/2019,06/30/2020,,2.10051,80%,04/01/2017,03/31/2020,,N,07/01/2019,06/30/2020,
330006,ST JOSEPH'S MEDICAL CENTER,35620,"New York-Newark-Jersey City, NY-NJ-PA",N/A,N/A,07/01/2019,06/30/2020,***,N/A,N/A,04/01/2017,03/31/2020,1,N,07/01/2019,06/30/2020,
330009,BRONX-LEBANON HOSPITAL CENTER,35620,"New York-Newark-Jersey City, NY-NJ-PA",79.81,10%,07/01/2019,06/30/2020,,N/A,N/A,04/01/2017,03/31/2020,1,N,07/01/2019,06/30/2020,
330014,JAMAICA HOSPITAL MEDICAL CENTER,35620,"New York-Newark-Jersey City, NY-NJ-PA",80.13,10%,07/01/2019,06/30/2020,,N/A,N/A,04/01/2017,03/31/2020,1,N,07/01/2019,06/30/2020,
330019,"NEW YORK COMMUNITY HOSPITAL OF BROOKLYN, INC.",35620,"New York-Newark-Jersey City, NY-NJ-PA",77.56,10%,07/01/2019,06/30/2020,,N/A,N/A,04/01/2017,03/31/2020,1,N,07/01/2019,06/30/2020,
330023,VASSAR BROTHERS MEDICAL CENTER,35620,"New York-Newark-Jersey City, NY-NJ-PA",82.38,20%,07/01/2019,06/30/2020,,2.20645,70%,04/01/2017,03/31/2020,,N,07/01/2019,06/30/2020,
330024,MOUNT SINAI HOSPITAL,35620,"New York-Newark-Jersey City, NY-NJ-PA",82.19,10%,07/01/2019,06/30/2020,,2.37042,50%,04/01/2017,03/31/2020,,N,07/01/2019,06/30/2020,
330027,NASSAU UNIVERSITY MEDICAL CENTER,35620,"New York-Newark-Jersey City, NY-NJ-PA",77.19,10%,07/01/2019,06/30/2020,,N/A,N/A,04/01/2017,03/31/2020,1,N,07/01/2019,06/30/2020,
330028,RICHMOND UNIVERSITY MEDICAL CENTER,35620,"New York-Newark-Jersey City, NY-NJ-PA",79.50,10%,07/01/2019,06/30/2020,,2.85933,20%,04/01/2017,03/31/2020,,N,07/01/2019,06/30/2020,*
330043,SOUTHSIDE HOSPITAL,35620,"New York-Newark-Jersey City, NY-NJ-PA",82.44,20%,07/01/2019,06/30/2020,,1.68725,100%,04/01/2017,03/31/2020,,N,07/01/2019,06/30/2020,
330045,HUNTINGTON HOSPITAL,35620,"New York-Newark-Jersey City, NY-NJ-PA",86.75,70%,07/01/2019,06/30/2020,,1.70239,100%,04/01/2017,03/31/2020,,N,07/01/2019,06/30/2020,
330049,NORTHERN DUTCHESS HOSPITAL,35620,"New York-Newark-Jersey City, NY-NJ-PA",88.44,90%,07/01/2019,06/30/2020,,1.68672,100%,04/01/2017,03/31/2020,,N,07/01/2019,06/30/2020,
330056,BROOKLYN HOSPITAL CENTER AT DOWNTOWN CAMPUS,35620,"New York-Newark-Jersey City, NY-NJ-PA",78.56,10%,07/01/2019,06/30/2020,,2.45881,40%,04/01/2017,03/31/2020,,N,07/01/2019,06/30/2020,
330078,SISTERS OF CHARITY HOSPITAL,15380,"Buffalo-Cheektowaga-Niagara Falls, NY",85.31,40%,07/01/2019,06/30/2020,,2.16689,80%,04/01/2017,03/31/2020,,N,07/01/2019,06/30/2020,
330101,NEW YORK-PRESBYTERIAN HOSPITAL,35620,"New York-Newark-Jersey City, NY-NJ-PA",85.31,40%,07/01/2019,06/30/2020,,2.37756,50%,04/01/2017,03/31/2020,,N,07/01/2019,06/30/2020,
330102,KENMORE MERCY HOSPITAL,15380,"Buffalo-Cheektowaga-Niagara Falls, NY",87.31,80%,07/01/2019,06/30/2020,,1.78788,100%,04/01/2017,03/31/2020,,N,07/01/2019,06/30/2020,
330104,MONTEFIORE NYACK HOSPITAL,35620,"New York-Newark-Jersey City, NY-NJ-PA",79.31,10%,07/01/2019,06/30/2020,,1.9336,90%,04/01/2017,03/31/2020,,N,07/01/2019,06/30/2020,
330106,NORTH SHORE UNIVERSITY HOSPITAL,35620,"New York-Newark-Jersey City, NY-NJ-PA",84.31,30%,07/01/2019,06/30/2020,,2.13149,80%,04/01/2017,03/31/2020,,N,07/01/2019,06/30/2020,
330107,PECONIC BAY MEDICAL CENTER,35620,"New York-Newark-Jersey City, NY-NJ-PA",84.00,30%,07/01/2019,06/30/2020,,1.55355,100%,04/01/2017,03/31/2020,,N,07/01/2019,06/30/2020,
330126,ORANGE REGIONAL MEDICAL CENTER,35620,"New York-Newark-Jersey City, NY-NJ-PA",84.25,30%,07/01/2019,06/30/2020,,1.89589,100%,04/01/2017,03/31/2020,,N,07/01/2019,06/30/2020,
330127,JACOBI MEDICAL CENTER,35620,"New York-Newark-Jersey City, NY-NJ-PA",74.69,10%,07/01/2019,06/30/2020,,N/A,N/A,04/01/2017,03/31/2020,5,N,07/01/2019,06/30/2020,
330128,ELMHURST HOSPITAL CENTER,35620,"New York-Newark-Jersey City, NY-NJ-PA",80.13,10%,07/01/2019,06/30/2020,,N/A,N/A,04/01/2017,03/31/2020,1,N,07/01/2019,06/30/2020,
330141,BROOKHAVEN MEMORIAL HOSPITAL MEDICAL CENTER,35620,"New York-Newark-Jersey City, NY-NJ-PA",77.88,10%,07/01/2019,06/30/2020,,2.93578,20%,04/01/2017,03/31/2020,,N,07/01/2019,06/30/2020,*
330158,GOOD SAMARITAN HOSPITAL OF SUFFERN,35620,"New York-Newark-Jersey City, NY-NJ-PA",83.00,20%,07/01/2019,06/30/2020,,2.07158,80%,04/01/2017,03/31/2020,,N,07/01/2019,06/30/2020,
330160,STATEN ISLAND UNIVERSITY HOSPITAL,35620,"New York-Newark-Jersey City, NY-NJ-PA",80.31,10%,07/01/2019,06/30/2020,,2.24779,60%,04/01/2017,03/31/2020,,N,07/01/2019,06/30/2020,
330162,NORTHERN WESTCHESTER HOSPITAL,35620,"New York-Newark-Jersey City, NY-NJ-PA",86.38,60%,07/01/2019,06/30/2020,,3.06159,10%,04/01/2017,03/31/2020,,N,07/01/2019,06/30/2020,
330181,GLEN COVE HOSPITAL,35620,"New York-Newark-Jersey City, NY-NJ-PA",85.38,50%,07/01/2019,06/30/2020,,N/A,N/A,04/01/2017,03/31/2020,5,N,07/01/2019,06/30/2020,
330182,"ST FRANCIS HOSPITAL, ROSLYN",35620,"New York-Newark-Jersey City, NY-NJ-PA",89.06,100%,07/01/2019,06/30/2020,,1.69224,100%,04/01/2017,03/31/2020,,Y,07/01/2019,06/30/2020,
330185,JOHN T MATHER MEMORIAL HOSPITAL  OF PORT JEFFERSON,35620,"New York-Newark-Jersey City, NY-NJ-PA",87.13,80%,07/01/2019,06/30/2020,,2.9505,20%,04/01/2017,03/31/2020,,N,07/01/2019,06/30/2020,
330188,MOUNT ST MARY'S HOSPITAL AND  HEALTH CENTER,15380,"Buffalo-Cheektowaga-Niagara Falls, NY",84.25,30%,07/01/2019,06/30/2020,,2.0931,80%,04/01/2017,03/31/2020,,N,07/01/2019,06/30/2020,
330193,FLUSHING HOSPITAL MEDICAL CENTER,35620,"New York-Newark-Jersey City, NY-NJ-PA",77.63,10%,07/01/2019,06/30/2020,,N/A,N/A,04/01/2017,03/31/2020,1,N,07/01/2019,06/30/2020,
330194,MAIMONIDES MEDICAL CENTER,35620,"New York-Newark-Jersey City, NY-NJ-PA",78.50,10%,07/01/2019,06/30/2020,,2.84335,20%,04/01/2017,03/31/2020,,N,07/01/2019,06/30/2020,*
330195,LONG ISLAND JEWISH MEDICAL CENTER,35620,"New York-Newark-Jersey City, NY-NJ-PA",82.06,10%,07/01/2019,06/30/2020,,2.39698,50%,04/01/2017,03/31/2020,,N,07/01/2019,06/30/2020,
330196,CONEY ISLAND HOSPITAL,35620,"New York-Newark-Jersey City, NY-NJ-PA",84.25,30%,07/01/2019,06/30/2020,,N/A,N/A,04/01/2017,03/31/2020,1,N,07/01/2019,06/30/2020,
330198,SOUTH NASSAU COMMUNITIES HOSPITAL,35620,"New York-Newark-Jersey City, NY-NJ-PA",80.19,10%,07/01/2019,06/30/2020,,2.11609,80%,04/01/2017,03/31/2020,,N,07/01/2019,06/30/2020,
330201,KINGSBROOK JEWISH MEDICAL CENTER,35620,"New York-Newark-Jersey City, NY-NJ-PA",80.63,10%,07/01/2019,06/30/2020,,N/A,N/A,04/01/2017,03/31/2020,1,N,07/01/2019,06/30/2020,
330202,KINGS COUNTY HOSPITAL CENTER,35620,"New York-Newark-Jersey City, NY-NJ-PA",78.75,10%,07/01/2019,06/30/2020,,N/A,N/A,04/01/2017,03/31/2020,1,N,07/01/2019,06/30/2020,
330204,BELLEVUE HOSPITAL CENTER,35620,"New York-Newark-Jersey City, NY-NJ-PA",80.56,10%,07/01/2019,06/30/2020,,N/A,N/A,04/01/2017,03/31/2020,1,N,07/01/2019,06/30/2020,
330205,ST ANTHONY COMMUNITY HOSPITAL,35620,"New York-Newark-Jersey City, NY-NJ-PA",89.31,100%,07/01/2019,06/30/2020,,1.83472,100%,04/01/2017,03/31/2020,,N,07/01/2019,06/30/2020,
330214,NYU HOSPITALS CENTER,35620,"New York-Newark-Jersey City, NY-NJ-PA",85.38,50%,07/01/2019,06/30/2020,,2.51998,40%,04/01/2017,03/31/2020,,N,07/01/2019,06/30/2020,
330221,WYCKOFF HEIGHTS MEDICAL CENTER,35620,"New York-Newark-Jersey City, NY-NJ-PA",76.25,10%,07/01/2019,06/30/2020,,N/A,N/A,04/01/2017,03/31/2020,1,N,07/01/2019,06/30/2020,
330234,WESTCHESTER MEDICAL CENTER,35620,"New York-Newark-Jersey City, NY-NJ-PA",79.44,10%,07/01/2019,06/30/2020,,2.1745,70%,04/01/2017,03/31/2020,,N,07/01/2019,06/30/2020,
330236,NEW YORK METHODIST HOSPITAL,35620,"New York-Newark-Jersey City, NY-NJ-PA",83.69,20%,07/01/2019,06/30/2020,,2.2239,70%,04/01/2017,03/31/2020,,N,07/01/2019,06/30/2020,
330246,ST CHARLES HOSPITAL,35620,"New York-Newark-Jersey City, NY-NJ-PA",84.69,30%,07/01/2019,06/30/2020,,1.92555,90%,04/01/2017,03/31/2020,,N,07/01/2019,06/30/2020,
330259,MERCY MEDICAL CENTER,35620,"New York-Newark-Jersey City, NY-NJ-PA",82.69,20%,07/01/2019,06/30/2020,,2.37901,50%,04/01/2017,03/31/2020,,Y,07/01/2019,06/30/2020,
330261,PHELPS MEMORIAL HOSPITAL ASSOCIATION,35620,"New York-Newark-Jersey City, NY-NJ-PA",88.25,90%,07/01/2019,06/30/2020,,2.00834,90%,04/01/2017,03/31/2020,,N,07/01/2019,06/30/2020,
330264,ST LUKE'S CORNWALL HOSPITAL,35620,"New York-Newark-Jersey City, NY-NJ-PA",83.94,30%,07/01/2019,06/30/2020,,2.20043,70%,04/01/2017,03/31/2020,,N,07/01/2019,06/30/2020,
330267,NEW YORK-PRESBYTERIAN/HUDSON VALLEY HOSPITAL,35620,"New York-Newark-Jersey City, NY-NJ-PA",87.63,80%,07/01/2019,06/30/2020,,2.7682,20%,04/01/2017,03/31/2020,,N,07/01/2019,06/30/2020,
330270,HOSPITAL FOR SPECIAL SURGERY,35620,"New York-Newark-Jersey City, NY-NJ-PA",90.13,100%,07/01/2019,06/30/2020,,1.81704,100%,04/01/2017,03/31/2020,,N,07/01/2019,06/30/2020,
330273,PUTNAM HOSPITAL CENTER,35620,"New York-Newark-Jersey City, NY-NJ-PA",85.81,50%,07/01/2019,06/30/2020,,2.5263,40%,04/01/2017,03/31/2020,,N,07/01/2019,06/30/2020,
330279,MERCY HOSPITAL OF BUFFALO,15380,"Buffalo-Cheektowaga-Niagara Falls, NY",84.13,30%,07/01/2019,06/30/2020,,2.09566,80%,04/01/2017,03/31/2020,,N,07/01/2019,06/30/2020,
330286,GOOD SAMARITAN HOSPITAL MEDICAL CENTER,35620,"New York-Newark-Jersey City, NY-NJ-PA",81.94,10%,07/01/2019,06/30/2020,,2.67162,30%,04/01/2017,03/31/2020,,N,07/01/2019,06/30/2020,*
330331,PLAINVIEW HOSPITAL,35620,"New York-Newark-Jersey City, NY-NJ-PA",82.88,20%,07/01/2019,06/30/2020,,2.4383,50%,04/01/2017,03/31/2020,,N,07/01/2019,06/30/2020,
330332,ST JOSEPH HOSPITAL,35620,"New York-Newark-Jersey City, NY-NJ-PA",83.38,20%,07/01/2019,06/30/2020,,N/A,N/A,04/01/2017,03/31/2020,1,N,07/01/2019,06/30/2020,
330350,UNIVERSITY HOSPITAL OF BROOKLYN ( DOWNSTATE ),35620,"New York-Newark-Jersey City, NY-NJ-PA",78.38,10%,07/01/2019,06/30/2020,,N/A,N/A,04/01/2017,03/31/2020,1,N,07/01/2019,06/30/2020,
330393,UNIVERSITY HOSPITAL ( STONY BROOK ),35620,"New York-Newark-Jersey City, NY-NJ-PA",84.31,30%,07/01/2019,06/30/2020,,2.40751,50%,04/01/2017,03/31/2020,,N,07/01/2019,06/30/2020,
330395,ST JOHN'S EPISCOPAL HOSPITAL AT SOUTH SHORE,35620,"New York-Newark-Jersey City, NY-NJ-PA",78.25,10%,07/01/2019,06/30/2020,,N/A,N/A,04/01/2017,03/31/2020,1,N,07/01/2019,06/30/2020,
330401,ST CATHERINE OF SIENA HOSPITAL,35620,"New York-Newark-Jersey City, NY-NJ-PA",83.56,20%,07/01/2019,06/30/2020,,1.8638,100%,04/01/2017,03/31/2020,,N,07/01/2019,06/30/2020,
340002,MEMORIAL MISSION HOSPITAL AND ASHEVILLE SURGERY CENTER,11700,"Asheville, NC",81.31,10%,07/01/2019,06/30/2020,,1.52186,100%,04/01/2017,03/31/2020,,Y,07/01/2019,06/30/2020,
340017,MARGARET R PARDEE MEMORIAL HOSPITAL,11700,"Asheville, NC",87.19,80%,07/01/2019,06/30/2020,,2.7859,20%,04/01/2017,03/31/2020,,N,07/01/2019,06/30/2020,
340023,PARK RIDGE HEALTH,11700,"Asheville, NC",89.31,100%,07/01/2019,06/30/2020,,1.94187,90%,04/01/2017,03/31/2020,,N,07/01/2019,06/30/2020,
340039,IREDELL MEMORIAL HOSPITAL INC,16740,"Charlotte-Concord-Gastonia, NC-SC",85.63,50%,07/01/2019,06/30/2020,,3.09882,10%,04/01/2017,03/31/2020,,Y,07/01/2019,06/30/2020,
340040,VIDANT MEDICAL CENTER,24780,"Greenville, NC",84.19,30%,07/01/2019,06/30/2020,,1.9597,90%,04/01/2017,03/31/2020,,Y,07/01/2019,06/30/2020,
340144,DAVIS REGIONAL MEDICAL CENTER,16740,"Charlotte-Concord-Gastonia, NC-SC",87.75,80%,07/01/2019,06/30/2020,,2.86286,20%,04/01/2017,03/31/2020,,N,07/01/2019,06/30/2020,
340184,HAYWOOD REGIONAL MEDICAL CENTER,11700,"Asheville, NC",85.69,50%,07/01/2019,06/30/2020,,2.19206,70%,04/01/2017,03/31/2020,,N,07/01/2019,06/30/2020,
360001,MERCY HOSPITAL ANDERSON,17140,"Cincinnati, OH-KY-IN",86.19,60%,07/01/2019,06/30/2020,,2.53336,40%,04/01/2017,03/31/2020,,N,07/01/2019,06/30/2020,
360003,"UNIVERSITY OF CINCINNATI MEDICAL CENTER, LLC",17140,"Cincinnati, OH-KY-IN",84.13,30%,07/01/2019,06/30/2020,,2.57461,30%,04/01/2017,03/31/2020,,N,07/01/2019,06/30/2020,*
360016,"JEWISH HOSPITAL, LLC",17140,"Cincinnati, OH-KY-IN",87.63,80%,07/01/2019,06/30/2020,,2.28657,60%,04/01/2017,03/31/2020,,N,07/01/2019,06/30/2020,
360020,SUMMA HEALTH SYSTEM,10420,"Akron, OH",84.81,40%,07/01/2019,06/30/2020,,2.14063,80%,04/01/2017,03/31/2020,,N,07/01/2019,06/30/2020,
360027,AKRON GENERAL MEDICAL CENTER,10420,"Akron, OH",84.81,40%,07/01/2019,06/30/2020,,2.16058,80%,04/01/2017,03/31/2020,,N,07/01/2019,06/30/2020,
360046,MCCULLOUGH-HYDE MEMORIAL HOSPITAL,17140,"Cincinnati, OH-KY-IN",86.94,70%,07/01/2019,06/30/2020,,2.13444,80%,04/01/2017,03/31/2020,,N,07/01/2019,06/30/2020,
360048,UNIVERSITY OF TOLEDO MEDICAL CENTER,45780,"Toledo, OH",84.88,40%,07/01/2019,06/30/2020,,1.91491,90%,04/01/2017,03/31/2020,,N,07/01/2019,06/30/2020,
360056,MERCY HOSPITAL FAIRFIELD,17140,"Cincinnati, OH-KY-IN",86.88,70%,07/01/2019,06/30/2020,,2.05844,90%,04/01/2017,03/31/2020,,N,07/01/2019,06/30/2020,
360076,ATRIUM MEDICAL CENTER,17140,"Cincinnati, OH-KY-IN",86.75,70%,07/01/2019,06/30/2020,,2.16838,80%,04/01/2017,03/31/2020,,N,07/01/2019,06/30/2020,
360078,ROBINSON MEMORIAL HOSPITAL,10420,"Akron, OH",87.56,80%,07/01/2019,06/30/2020,,2.14573,80%,04/01/2017,03/31/2020,,N,07/01/2019,06/30/2020,
360081,MERCY ST CHARLES HOSPITAL,45780,"Toledo, OH",85.69,50%,07/01/2019,06/30/2020,,1.98035,90%,04/01/2017,03/31/2020,,N,07/01/2019,06/30/2020,
360090,MCLAREN ST LUKE'S HOSPITAL,45780,"Toledo, OH",83.88,30%,07/01/2019,06/30/2020,,2.30011,60%,04/01/2017,03/31/2020,,N,07/01/2019,06/30/2020,
360112,MERCY ST VINCENT MEDICAL CENTER,45780,"Toledo, OH",85.00,40%,07/01/2019,06/30/2020,,2.27484,60%,04/01/2017,03/31/2020,,N,07/01/2019,06/30/2020,
360132,FORT HAMILTON HUGHES MEMORIAL HOSPITAL,17140,"Cincinnati, OH-KY-IN",86.25,60%,07/01/2019,06/30/2020,,2.70274,30%,04/01/2017,03/31/2020,,N,07/01/2019,06/30/2020,
360134,GOOD SAMARITAN HOSPITAL,17140,"Cincinnati, OH-KY-IN",86.44,60%,07/01/2019,06/30/2020,,2.19335,70%,04/01/2017,03/31/2020,,N,07/01/2019,06/30/2020,
360150,SUMMA WESTERN RESERVE HOSPITAL,10420,"Akron, OH",89.31,100%,07/01/2019,06/30/2020,,2.58724,30%,04/01/2017,03/31/2020,,N,07/01/2019,06/30/2020,
360163,CHRIST HOSPITAL,17140,"Cincinnati, OH-KY-IN",87.94,90%,07/01/2019,06/30/2020,,2.1496,80%,04/01/2017,03/31/2020,,N,07/01/2019,06/30/2020,
360179,BETHESDA NORTH,17140,"Cincinnati, OH-KY-IN",85.00,40%,07/01/2019,06/30/2020,,2.78728,20%,04/01/2017,03/31/2020,,N,07/01/2019,06/30/2020,*
360234,MERCY HEALTH - WEST HOSPITAL,17140,"Cincinnati, OH-KY-IN",86.06,60%,07/01/2019,06/30/2020,,2.33396,60%,04/01/2017,03/31/2020,,N,07/01/2019,06/30/2020,
360236,MERCY HOSPITAL CLERMONT,17140,"Cincinnati, OH-KY-IN",85.06,40%,07/01/2019,06/30/2020,,2.38421,50%,04/01/2017,03/31/2020,,N,07/01/2019,06/30/2020,
360259,BAY PARK COMMUNITY HOSPITAL,45780,"Toledo, OH",87.31,80%,07/01/2019,06/30/2020,,2.25009,60%,04/01/2017,03/31/2020,,N,07/01/2019,06/30/2020,
360262,MERCY ST ANNE HOSPITAL,45780,"Toledo, OH",88.19,90%,07/01/2019,06/30/2020,,3.09718,10%,04/01/2017,03/31/2020,,N,07/01/2019,06/30/2020,
360351,CRYSTAL CLINIC ORTHOPAEDIC CENTER,10420,"Akron, OH",91.06,100%,07/01/2019,06/30/2020,,1.72323,100%,04/01/2017,03/31/2020,,N,07/01/2019,06/30/2020,
360354,"WEST CHESTER HOSPITAL, LLC",17140,"Cincinnati, OH-KY-IN",84.69,30%,07/01/2019,06/30/2020,,2.23741,70%,04/01/2017,03/31/2020,,N,07/01/2019,06/30/2020,
360362,TRIHEALTH EVENDALE HOSPITAL,17140,"Cincinnati, OH-KY-IN",93.63,100%,07/01/2019,06/30/2020,,2.45236,40%,04/01/2017,03/31/2020,,N,07/01/2019,06/30/2020,
370008,NORMAN REGIONAL HOSPITAL AUTHORITY,36420,"Oklahoma City, OK",86.25,60%,07/01/2019,06/30/2020,,2.53561,40%,04/01/2017,03/31/2020,,N,07/01/2019,06/30/2020,
370013,"MERCY HOSPITAL OKLAHOMA CITY, INC",36420,"Oklahoma City, OK",86.88,70%,07/01/2019,06/30/2020,,2.7894,20%,04/01/2017,03/31/2020,,N,07/01/2019,06/30/2020,
370028,INTEGRIS BAPTIST MEDICAL CENTER,36420,"Oklahoma City, OK",86.38,60%,07/01/2019,06/30/2020,,3.61347,10%,04/01/2017,03/31/2020,,N,07/01/2019,06/30/2020,
370037,ST ANTHONY HOSPITAL,36420,"Oklahoma City, OK",84.88,40%,07/01/2019,06/30/2020,,1.56914,100%,04/01/2017,03/31/2020,,N,07/01/2019,06/30/2020,
370093,O U MEDICAL CENTER,36420,"Oklahoma City, OK",82.75,20%,07/01/2019,06/30/2020,,3.22026,10%,04/01/2017,03/31/2020,,N,07/01/2019,06/30/2020,*
370094,ALLIANCEHEALTH MIDWEST,36420,"Oklahoma City, OK",77.31,10%,07/01/2019,06/30/2020,,2.2722,60%,04/01/2017,03/31/2020,,N,07/01/2019,06/30/2020,
370106,INTEGRIS SOUTHWEST MEDICAL CENTER,36420,"Oklahoma City, OK",83.88,30%,07/01/2019,06/30/2020,,3.22615,10%,04/01/2017,03/31/2020,,N,07/01/2019,06/30/2020,*
370192,NORTHWEST SURGICAL HOSPITAL,36420,"Oklahoma City, OK",N/A,N/A,07/01/2019,06/30/2020,***,N/A,N/A,04/01/2017,03/31/2020,1,N,07/01/2019,06/30/2020,
370201,"SURGICAL HOSPITAL OF OKLAHOMA, LLC",36420,"Oklahoma City, OK",N/A,N/A,07/01/2019,06/30/2020,***,2.61358,30%,04/01/2017,03/31/2020,,N,07/01/2019,06/30/2020,
370203,"COMMUNITY HOSPITAL, LLC",36420,"Oklahoma City, OK",89.50,100%,07/01/2019,06/30/2020,,1.93465,90%,04/01/2017,03/31/2020,,Y,07/01/2019,06/30/2020,
370211,INTEGRIS CANADIAN VALLEY  HOSPITAL,36420,"Oklahoma City, OK",87.25,80%,07/01/2019,06/30/2020,,2.5064,40%,04/01/2017,03/31/2020,,N,07/01/2019,06/30/2020,
370212,OKLAHOMA CENTER FOR ORTHOPAEDIC & MULTI-SPECIALTY SURGERY,36420,"Oklahoma City, OK",91.88,100%,07/01/2019,06/30/2020,,2.04222,90%,04/01/2017,03/31/2020,,N,07/01/2019,06/30/2020,
370220,ONECORE HEALTH,36420,"Oklahoma City, OK",N/A,N/A,07/01/2019,06/30/2020,***,2.90544,20%,04/01/2017,03/31/2020,,N,07/01/2019,06/30/2020,
370222,MCBRIDE ORTHOPEDIC HOSPITAL,36420,"Oklahoma City, OK",90.88,100%,07/01/2019,06/30/2020,,3.17691,10%,04/01/2017,03/31/2020,,N,07/01/2019,06/30/2020,
370225,SUMMIT MEDICAL CENTER,36420,"Oklahoma City, OK",N/A,N/A,07/01/2019,06/30/2020,***,2.41216,50%,04/01/2017,03/31/2020,,N,07/01/2019,06/30/2020,
370236,INTEGRIS HEALTH EDMOND,36420,"Oklahoma City, OK",88.13,90%,07/01/2019,06/30/2020,,2.23751,70%,04/01/2017,03/31/2020,,N,07/01/2019,06/30/2020,
380004,PROVIDENCE ST VINCENT MEDICAL CENTER,38900,"Portland-Vancouver-Hillsboro, OR-WA",87.56,80%,07/01/2019,06/30/2020,,1.72227,100%,04/01/2017,03/31/2020,,N,07/01/2019,06/30/2020,
380009,OHSU HOSPITAL AND CLINICS,38900,"Portland-Vancouver-Hillsboro, OR-WA",88.88,90%,07/01/2019,06/30/2020,,1.61116,100%,04/01/2017,03/31/2020,,N,07/01/2019,06/30/2020,
380017,LEGACY GOOD SAMARITAN MEDICAL CENTER,38900,"Portland-Vancouver-Hillsboro, OR-WA",88.06,90%,07/01/2019,06/30/2020,,2.1787,70%,04/01/2017,03/31/2020,,Y,07/01/2019,06/30/2020,
380021,TUALITY COMMUNITY HOSPITAL,38900,"Portland-Vancouver-Hillsboro, OR-WA",84.50,30%,07/01/2019,06/30/2020,,2.44741,50%,04/01/2017,03/31/2020,,N,07/01/2019,06/30/2020,
380025,LEGACY MOUNT HOOD MEDICAL CENTER,38900,"Portland-Vancouver-Hillsboro, OR-WA",85.63,50%,07/01/2019,06/30/2020,,2.68676,30%,04/01/2017,03/31/2020,,N,07/01/2019,06/30/2020,
380037,PROVIDENCE NEWBERG MEDICAL CENTER,38900,"Portland-Vancouver-Hillsboro, OR-WA",88.38,90%,07/01/2019,06/30/2020,,2.86524,20%,04/01/2017,03/31/2020,,N,07/01/2019,06/30/2020,
380038,PROVIDENCE WILLAMETTE FALLS MEDICAL CENTER,38900,"Portland-Vancouver-Hillsboro, OR-WA",86.63,70%,07/01/2019,06/30/2020,,2.27203,60%,04/01/2017,03/31/2020,,N,07/01/2019,06/30/2020,
380060,ADVENTIST MEDICAL CENTER,38900,"Portland-Vancouver-Hillsboro, OR-WA",86.44,60%,07/01/2019,06/30/2020,,2.74766,20%,04/01/2017,03/31/2020,,N,07/01/2019,06/30/2020,
380061,PROVIDENCE PORTLAND MEDICAL CENTER,38900,"Portland-Vancouver-Hillsboro, OR-WA",87.69,80%,07/01/2019,06/30/2020,,2.07571,80%,04/01/2017,03/31/2020,,N,07/01/2019,06/30/2020,
380082,PROVIDENCE MILWAUKIE HOSPITAL,38900,"Portland-Vancouver-Hillsboro, OR-WA",87.44,80%,07/01/2019,06/30/2020,,2.61353,30%,04/01/2017,03/31/2020,,N,07/01/2019,06/30/2020,
380089,LEGACY MERIDIAN PARK MEDICAL CENTER,38900,"Portland-Vancouver-Hillsboro, OR-WA",88.13,90%,07/01/2019,06/30/2020,,2.10004,80%,04/01/2017,03/31/2020,,N,07/01/2019,06/30/2020,
390002,UPMC MCKEESPORT,38300,"Pittsburgh, PA",84.13,30%,07/01/2019,06/30/2020,,N/A,N/A,04/01/2017,03/31/2020,1,N,07/01/2019,06/30/2020,
390004,HOLY SPIRIT HOSPITAL,25420,"Harrisburg-Carlisle, PA",85.44,50%,07/01/2019,06/30/2020,,3.00465,10%,04/01/2017,03/31/2020,,N,07/01/2019,06/30/2020,
390028,UPMC MERCY,38300,"Pittsburgh, PA",83.94,30%,07/01/2019,06/30/2020,,2.39944,50%,04/01/2017,03/31/2020,,N,07/01/2019,06/30/2020,
390032,ALLEGHENY VALLEY HOSPITAL,38300,"Pittsburgh, PA",85.69,50%,07/01/2019,06/30/2020,,2.41104,50%,04/01/2017,03/31/2020,,Y,07/01/2019,06/30/2020,
390036,HERITAGE VALLEY BEAVER,38300,"Pittsburgh, PA",85.69,50%,07/01/2019,06/30/2020,,2.2209,70%,04/01/2017,03/31/2020,,N,07/01/2019,06/30/2020,
390037,HERITAGE VALLEY SEWICKLEY,38300,"Pittsburgh, PA",88.75,90%,07/01/2019,06/30/2020,,2.5747,30%,04/01/2017,03/31/2020,,N,07/01/2019,06/30/2020,
390041,UNIONTOWN HOSPITAL,38300,"Pittsburgh, PA",85.13,40%,07/01/2019,06/30/2020,,2.78463,20%,04/01/2017,03/31/2020,,N,07/01/2019,06/30/2020,*
390042,"WASHINGTON HOSPITAL, THE",38300,"Pittsburgh, PA",88.31,90%,07/01/2019,06/30/2020,,2.12288,80%,04/01/2017,03/31/2020,,N,07/01/2019,06/30/2020,
390044,READING HOSPITAL,39740,"Reading, PA",85.63,50%,07/01/2019,06/30/2020,,1.55014,100%,04/01/2017,03/31/2020,,N,07/01/2019,06/30/2020,
390050,ALLEGHENY GENERAL HOSPITAL,38300,"Pittsburgh, PA",84.63,30%,07/01/2019,06/30/2020,,2.82999,20%,04/01/2017,03/31/2020,,N,07/01/2019,06/30/2020,*
390058,CARLISLE REGIONAL MEDICAL CENTER,25420,"Harrisburg-Carlisle, PA",85.56,50%,07/01/2019,06/30/2020,,2.0716,80%,04/01/2017,03/31/2020,,N,07/01/2019,06/30/2020,
390067,PINNACLE HEALTH HOSPITALS,25420,"Harrisburg-Carlisle, PA",86.50,70%,07/01/2019,06/30/2020,,2.4049,50%,04/01/2017,03/31/2020,,N,07/01/2019,06/30/2020,
390090,WESTERN PENNSYLVANIA HOSPITAL,38300,"Pittsburgh, PA",86.56,70%,07/01/2019,06/30/2020,,2.53826,40%,04/01/2017,03/31/2020,,N,07/01/2019,06/30/2020,
390102,UPMC ST MARGARET,38300,"Pittsburgh, PA",87.19,80%,07/01/2019,06/30/2020,,2.49774,40%,04/01/2017,03/31/2020,,N,07/01/2019,06/30/2020,
390107,UPMC PASSAVANT,38300,"Pittsburgh, PA",87.00,70%,07/01/2019,06/30/2020,,2.27893,60%,04/01/2017,03/31/2020,,N,07/01/2019,06/30/2020,
390114,MAGEE WOMENS HOSPITAL OF UPMC HEALTH SYSTEM,38300,"Pittsburgh, PA",87.38,80%,07/01/2019,06/30/2020,,2.32353,60%,04/01/2017,03/31/2020,,Y,07/01/2019,06/30/2020,
390145,EXCELA HEALTH WESTMORELAND HOSPITAL,38300,"Pittsburgh, PA",86.94,70%,07/01/2019,06/30/2020,,2.01615,90%,04/01/2017,03/31/2020,,N,07/01/2019,06/30/2020,
390147,MONONGAHELA VALLEY HOSPITAL,38300,"Pittsburgh, PA",87.88,80%,07/01/2019,06/30/2020,,2.26038,60%,04/01/2017,03/31/2020,,N,07/01/2019,06/30/2020,
390157,OHIO VALLEY GENERAL HOSPITAL,38300,"Pittsburgh, PA",84.69,30%,07/01/2019,06/30/2020,,2.20892,70%,04/01/2017,03/31/2020,,N,07/01/2019,06/30/2020,
390160,CANONSBURG GENERAL HOSPITAL,38300,"Pittsburgh, PA",85.44,50%,07/01/2019,06/30/2020,,2.43052,50%,04/01/2017,03/31/2020,,N,07/01/2019,06/30/2020,
390164,UPMC PRESBYTERIAN SHADYSIDE,38300,"Pittsburgh, PA",87.00,70%,07/01/2019,06/30/2020,,2.40769,50%,04/01/2017,03/31/2020,,N,07/01/2019,06/30/2020,
390219,EXCELA HEALTH LATROBE HOSPITAL,38300,"Pittsburgh, PA",85.75,50%,07/01/2019,06/30/2020,,2.47422,40%,04/01/2017,03/31/2020,,N,07/01/2019,06/30/2020,
390228,ST CLAIR HOSPITAL,38300,"Pittsburgh, PA",87.88,80%,07/01/2019,06/30/2020,,2.13927,80%,04/01/2017,03/31/2020,,N,07/01/2019,06/30/2020,
390256,MILTON S HERSHEY MEDICAL CENTER,25420,"Harrisburg-Carlisle, PA",86.63,70%,07/01/2019,06/30/2020,,2.51687,40%,04/01/2017,03/31/2020,,N,07/01/2019,06/30/2020,
390265,JEFFERSON REGIONAL MEDICAL CENTER,38300,"Pittsburgh, PA",84.94,40%,07/01/2019,06/30/2020,,2.63669,30%,04/01/2017,03/31/2020,,N,07/01/2019,06/30/2020,*
390267,FORBES HOSPITAL,38300,"Pittsburgh, PA",83.56,20%,07/01/2019,06/30/2020,,3.616,10%,04/01/2017,03/31/2020,,N,07/01/2019,06/30/2020,*
390316,SURGICAL INSTITUTE OF READING,39740,"Reading, PA",93.81,100%,07/01/2019,06/30/2020,,2.83845,20%,04/01/2017,03/31/2020,,N,07/01/2019,06/30/2020,
390323,ADVANCED SURGICAL HOSPITAL,38300,"Pittsburgh, PA",94.75,100%,07/01/2019,06/30/2020,,2.11401,80%,04/01/2017,03/31/2020,,N,07/01/2019,06/30/2020,
390328,UPMC EAST,38300,"Pittsburgh, PA",86.38,60%,07/01/2019,06/30/2020,,2.49187,40%,04/01/2017,03/31/2020,,N,07/01/2019,06/30/2020,
420051,MCLEOD REGIONAL MEDICAL CENTER-PEE DEE,22500,"Florence, SC",87.00,70%,07/01/2019,06/30/2020,,1.98428,90%,04/01/2017,03/31/2020,,N,07/01/2019,06/30/2020,
420091,CAROLINAS HOSPITAL SYSTEM,22500,"Florence, SC",85.06,40%,07/01/2019,06/30/2020,,3.12361,10%,04/01/2017,03/31/2020,,N,07/01/2019,06/30/2020,*
440048,BAPTIST MEMORIAL HOSPITAL,32820,"Memphis, TN-MS-AR",83.38,20%,07/01/2019,06/30/2020,,2.47052,40%,04/01/2017,03/31/2020,,N,07/01/2019,06/30/2020,
440049,METHODIST HEALTHCARE MEMPHIS HOSPITALS,32820,"Memphis, TN-MS-AR",85.88,50%,07/01/2019,06/30/2020,,2.05816,90%,04/01/2017,03/31/2020,,N,07/01/2019,06/30/2020,
440073,MAURY REGIONAL HOSPITAL,34980,"Nashville-Davidson--Murfreesboro--Franklin, TN",86.31,60%,07/01/2019,06/30/2020,,1.90212,100%,04/01/2017,03/31/2020,,N,07/01/2019,06/30/2020,
440150,TRISTAR SUMMIT MEDICAL CENTER,34980,"Nashville-Davidson--Murfreesboro--Franklin, TN",84.75,40%,07/01/2019,06/30/2020,,3.50059,10%,04/01/2017,03/31/2020,,N,07/01/2019,06/30/2020,*
440152,REGIONAL ONE HEALTH,32820,"Memphis, TN-MS-AR",79.19,10%,07/01/2019,06/30/2020,,2.28338,60%,04/01/2017,03/31/2020,,N,07/01/2019,06/30/2020,
440159,DELTA MEDICAL CENTER,32820,"Memphis, TN-MS-AR",N/A,N/A,07/01/2019,06/30/2020,***,N/A,N/A,04/01/2017,03/31/2020,5,N,07/01/2019,06/30/2020,**
440161,TRISTAR CENTENNIAL MEDICAL CENTER,34980,"Nashville-Davidson--Murfreesboro--Franklin, TN",87.25,80%,07/01/2019,06/30/2020,,2.11449,80%,04/01/2017,03/31/2020,,Y,07/01/2019,06/30/2020,
440183,ST FRANCIS HOSPITAL,32820,"Memphis, TN-MS-AR",82.56,20%,07/01/2019,06/30/2020,,2.22618,70%,04/01/2017,03/31/2020,,N,07/01/2019,06/30/2020,
440194,TRISTAR HENDERSONVILLE MEDICAL CENTER,34980,"Nashville-Davidson--Murfreesboro--Franklin, TN",85.50,50%,07/01/2019,06/30/2020,,2.64751,30%,04/01/2017,03/31/2020,,N,07/01/2019,06/30/2020,
440228,SAINT FRANCIS BARTLETT MEDICAL CENTER,32820,"Memphis, TN-MS-AR",85.50,50%,07/01/2019,06/30/2020,,2.56511,40%,04/01/2017,03/31/2020,,N,07/01/2019,06/30/2020,
450040,COVENANT MEDICAL CENTER,31180,"Lubbock, TX",85.50,50%,07/01/2019,06/30/2020,,2.74084,20%,04/01/2017,03/31/2020,,N,07/01/2019,06/30/2020,
450046,CHRISTUS SPOHN HOSPITAL CORPUS CHRISTI,18580,"Corpus Christi, TX",82.13,10%,07/01/2019,06/30/2020,,2.52792,40%,04/01/2017,03/31/2020,,N,07/01/2019,06/30/2020,
450054,SCOTT & WHITE MEDICAL CENTER - TEMPLE,28660,"Killeen-Temple, TX",87.00,70%,07/01/2019,06/30/2020,,2.80857,20%,04/01/2017,03/31/2020,,Y,07/01/2019,06/30/2020,
450056,Seton Medical Center Austin,12420,"Austin-Round Rock, TX",86.50,70%,07/01/2019,06/30/2020,,2.41873,50%,04/01/2017,03/31/2020,,N,07/01/2019,06/30/2020,
450083,UT HEALTH EAST TEXAS - TYLER,46340,"Tyler, TX",83.69,20%,07/01/2019,06/30/2020,,2.51869,40%,04/01/2017,03/31/2020,,N,07/01/2019,06/30/2020,
450102,MOTHER FRANCES HOSPITAL,46340,"Tyler, TX",85.00,40%,07/01/2019,06/30/2020,,1.90152,100%,04/01/2017,03/31/2020,,N,07/01/2019,06/30/2020,
450124,UNIVERSITY MEDICAL CENTER AT BRACKENRIDGE,12420,"Austin-Round Rock, TX",87.19,80%,07/01/2019,06/30/2020,,2.08707,80%,04/01/2017,03/31/2020,,N,07/01/2019,06/30/2020,
450152,METROPLEX HOSPITAL,28660,"Killeen-Temple, TX",85.56,50%,07/01/2019,06/30/2020,,2.5643,40%,04/01/2017,03/31/2020,,N,07/01/2019,06/30/2020,
450162,GRACE MEDICAL CENTER,31180,"Lubbock, TX",N/A,N/A,07/01/2019,06/30/2020,***,2.42895,50%,04/01/2017,03/31/2020,,N,07/01/2019,06/30/2020,
450272,CHRISTUS SANTA ROSA HOSPITAL SAN MARCOS,12420,"Austin-Round Rock, TX",87.19,80%,07/01/2019,06/30/2020,,3.26882,10%,04/01/2017,03/31/2020,,N,07/01/2019,06/30/2020,
450431,ST DAVID'S MEDICAL CENTER,12420,"Austin-Round Rock, TX",88.25,90%,07/01/2019,06/30/2020,,1.9143,90%,04/01/2017,03/31/2020,,Y,07/01/2019,06/30/2020,
450518,THE MEDICAL CENTER OF SOUTHEAST TEXAS,13140,"Beaumont-Port Arthur, TX",80.19,10%,07/01/2019,06/30/2020,,2.19442,70%,04/01/2017,03/31/2020,,N,07/01/2019,06/30/2020,
450686,UNIVERSITY MEDICAL CENTER,31180,"Lubbock, TX",87.94,90%,07/01/2019,06/30/2020,,2.77872,20%,04/01/2017,03/31/2020,,N,07/01/2019,06/30/2020,
450713,ST DAVID'S SOUTH AUSTIN MEDICAL CENTER,12420,"Austin-Round Rock, TX",87.00,70%,07/01/2019,06/30/2020,,2.18948,70%,04/01/2017,03/31/2020,,N,07/01/2019,06/30/2020,
450718,ROUND ROCK MEDICAL CENTER,12420,"Austin-Round Rock, TX",87.75,80%,07/01/2019,06/30/2020,,2.16528,80%,04/01/2017,03/31/2020,,N,07/01/2019,06/30/2020,
450788,"CORPUS CHRISTI MEDICAL CENTER,THE",18580,"Corpus Christi, TX",84.44,30%,07/01/2019,06/30/2020,,2.42413,50%,04/01/2017,03/31/2020,,N,07/01/2019,06/30/2020,
450808,NORTHWEST HILLS SURGICAL HOSPITAL,12420,"Austin-Round Rock, TX",N/A,N/A,07/01/2019,06/30/2020,***,N/A,N/A,04/01/2017,03/31/2020,1,N,07/01/2019,06/30/2020,
450809,NORTH AUSTIN MEDICAL CENTER,12420,"Austin-Round Rock, TX",86.69,70%,07/01/2019,06/30/2020,,2.01683,90%,04/01/2017,03/31/2020,,N,07/01/2019,06/30/2020,
450864,TEXAS SPINE AND JOINT HOSPITAL,46340,"Tyler, TX",91.19,100%,07/01/2019,06/30/2020,,2.77357,20%,04/01/2017,03/31/2020,,Y,07/01/2019,06/30/2020,
450867,SETON NORTHWEST HOSPITAL,12420,"Austin-Round Rock, TX",87.00,70%,07/01/2019,06/30/2020,,3.04295,10%,04/01/2017,03/31/2020,,N,07/01/2019,06/30/2020,
450871,ARISE AUSTIN MEDICAL CENTER,12420,"Austin-Round Rock, TX",N/A,N/A,07/01/2019,06/30/2020,***,2.07191,80%,04/01/2017,03/31/2020,,N,07/01/2019,06/30/2020,
450876,LUBBOCK HEART HOSPITAL LP,31180,"Lubbock, TX",89.25,100%,07/01/2019,06/30/2020,,2.59765,30%,04/01/2017,03/31/2020,,N,07/01/2019,06/30/2020,
460001,UTAH VALLEY REGIONAL MEDICAL CENTER,39340,"Provo-Orem, UT",87.88,80%,07/01/2019,06/30/2020,,3.1835,10%,04/01/2017,03/31/2020,,N,07/01/2019,06/30/2020,
460004,MCKAY DEE HOSPITAL,36260,"Ogden-Clearfield, UT",87.13,80%,07/01/2019,06/30/2020,,2.39489,50%,04/01/2017,03/31/2020,,N,07/01/2019,06/30/2020,
460013,MOUNTAIN VIEW HOSPITAL,39340,"Provo-Orem, UT",87.88,80%,07/01/2019,06/30/2020,,2.7583,20%,04/01/2017,03/31/2020,,N,07/01/2019,06/30/2020,
460023,AMERICAN FORK HOSPITAL,39340,"Provo-Orem, UT",86.75,70%,07/01/2019,06/30/2020,,3.83661,10%,04/01/2017,03/31/2020,,N,07/01/2019,06/30/2020,
460041,DAVIS HOSPITAL AND MEDICAL CENTER,36260,"Ogden-Clearfield, UT",85.19,40%,07/01/2019,06/30/2020,,2.26485,60%,04/01/2017,03/31/2020,,N,07/01/2019,06/30/2020,
460042,LAKEVIEW HOSPITAL,36260,"Ogden-Clearfield, UT",87.50,80%,07/01/2019,06/30/2020,,1.92345,90%,04/01/2017,03/31/2020,,N,07/01/2019,06/30/2020,
460052,TIMPANOGOS REGIONAL HOSPITAL,39340,"Provo-Orem, UT",86.44,60%,07/01/2019,06/30/2020,,2.92845,20%,04/01/2017,03/31/2020,,N,07/01/2019,06/30/2020,
500005,VIRGINIA MASON MEDICAL CENTER,42660,"Seattle-Tacoma-Bellevue, WA",88.63,90%,07/01/2019,06/30/2020,,1.53958,100%,04/01/2017,03/31/2020,,N,07/01/2019,06/30/2020,
500014,PROVIDENCE REGIONAL MEDICAL CENTER EVERETT,42660,"Seattle-Tacoma-Bellevue, WA",85.38,50%,07/01/2019,06/30/2020,,2.36269,50%,04/01/2017,03/31/2020,,N,07/01/2019,06/30/2020,
500021,ST CLARE HOSPITAL,42660,"Seattle-Tacoma-Bellevue, WA",81.19,10%,07/01/2019,06/30/2020,,1.81434,100%,04/01/2017,03/31/2020,,N,07/01/2019,06/30/2020,
500025,SWEDISH MEDICAL CENTER / CHERRY HILL,42660,"Seattle-Tacoma-Bellevue, WA",85.44,50%,07/01/2019,06/30/2020,,N/A,N/A,04/01/2017,03/31/2020,5,N,07/01/2019,06/30/2020,**
500026,SWEDISH EDMONDS HOSPITAL,42660,"Seattle-Tacoma-Bellevue, WA",81.38,10%,07/01/2019,06/30/2020,,2.43155,50%,04/01/2017,03/31/2020,,N,07/01/2019,06/30/2020,
500027,SWEDISH MEDICAL CENTER,42660,"Seattle-Tacoma-Bellevue, WA",85.75,50%,07/01/2019,06/30/2020,,1.58964,100%,04/01/2017,03/31/2020,,N,07/01/2019,06/30/2020,
500150,LEGACY SALMON CREEK MEDICAL CENTER,38900,"Portland-Vancouver-Hillsboro, OR-WA",89.44,100%,07/01/2019,06/30/2020,,1.75428,100%,04/01/2017,03/31/2020,,N,07/01/2019,06/30/2020,
500151,ST ANTHONY HOSPITAL,42660,"Seattle-Tacoma-Bellevue, WA",84.75,40%,07/01/2019,06/30/2020,,1.71555,100%,04/01/2017,03/31/2020,,N,07/01/2019,06/30/2020,
500152,SWEDISH ISSAQUAH,42660,"Seattle-Tacoma-Bellevue, WA",85.38,50%,07/01/2019,06/30/2020,,3.17014,10%,04/01/2017,03/31/2020,,N,07/01/2019,06/30/2020,
520028,THE MONROE CLINIC,31540,"Madison, WI",91.69,100%,07/01/2019,06/30/2020,,2.2386,70%,04/01/2017,03/31/2020,,N,07/01/2019,06/30/2020,
520083,ST MARYS HOSPITAL,31540,"Madison, WI",87.31,80%,07/01/2019,06/30/2020,,2.55108,40%,04/01/2017,03/31/2020,,N,07/01/2019,06/30/2020,
520194,ORTHOPAEDIC HOSPITAL OF WISCONSIN,33340,"Milwaukee-Waukesha-West Allis, WI",92.81,100%,07/01/2019,06/30/2020,,1.85455,100%,04/01/2017,03/31/2020,,N,07/01/2019,06/30/2020,
520205,MIDWEST ORTHOPEDIC SPECIALTY HOSPITAL,33340,"Milwaukee-Waukesha-West Allis, WI",92.00,100%,07/01/2019,06/30/2020,,2.52179,40%,04/01/2017,03/31/2020,,N,07/01/2019,06/30/2020,
520206,AURORA MEDICAL CENTER,33340,"Milwaukee-Waukesha-West Allis, WI",88.63,90%,07/01/2019,06/30/2020,,1.89088,100%,04/01/2017,03/31/2020,,N,07/01/2019,06/30/2020,
520207,AURORA MEDICAL CENTER,33340,"Milwaukee-Waukesha-West Allis, WI",89.63,100%,07/01/2019,06/30/2020,,2.34032,60%,04/01/2017,03/31/2020,,N,07/01/2019,06/30/2020,
670006,THE HOSPITAL AT WESTLAKE MEDICAL CENTER,12420,"Austin-Round Rock, TX",N/A,N/A,07/01/2019,06/30/2020,***,2.31078,60%,04/01/2017,03/31/2020,,N,07/01/2019,06/30/2020,
670034,BAYLOR SCOTT & WHITE MEDICAL CENTER - ROUND ROCK,12420,"Austin-Round Rock, TX",88.00,90%,07/01/2019,06/30/2020,,2.60654,30%,04/01/2017,03/31/2020,,Y,07/01/2019,06/30/2020,
670041,SETON MEDICAL CENTER WILLIAMSON,12420,"Austin-Round Rock, TX",86.00,60%,07/01/2019,06/30/2020,,2.20224,70%,04/01/2017,03/31/2020,,N,07/01/2019,06/30/2020,
670043,CEDAR PARK REGIONAL MEDICAL CENTER,12420,"Austin-Round Rock, TX",85.88,50%,07/01/2019,06/30/2020,,3.21642,10%,04/01/2017,03/31/2020,,N,07/01/2019,06/30/2020,
670056,SETON MEDICAL CENTER HAYS,12420,"Austin-Round Rock, TX",86.44,60%,07/01/2019,06/30/2020,,2.33747,60%,04/01/2017,03/31/2020,,N,07/01/2019,06/30/2020,
670061,SOUTH TEXAS SURGICAL HOSPITAL,18580,"Corpus Christi, TX",90.44,100%,07/01/2019,06/30/2020,,1.87149,100%,04/01/2017,03/31/2020,,N,07/01/2019,06/30/2020,
670080,SETON MEDICAL CENTER HARKER HEIGHTS,28660,"Killeen-Temple, TX",85.63,50%,07/01/2019,06/30/2020,,2.18447,70%,04/01/2017,03/31/2020,,N,07/01/2019,06/30/2020,
